13,4,Flvrk3QufLmnXhpbaHDcnGFI3qM=,cMKJ/UMMJFxQjpoCkFRrSg8FJv4=
11,13,Flvrk3QufLmnXhpbaHDcnGFI3qM=,cMKJ/UMMJFxQjpoCkFRrSg8FJv4=
14,7,Flvrk3QufLmnXhpbaHDcnGFI3qM=,cMKJ/UMMJFxQjpoCkFRrSg8FJv4=
13,10,Flvrk3QufLmnXhpbaHDcnGFI3qM=,cMKJ/UMMJFxQjpoCkFRrSg8FJv4=
15,7,Flvrk3QufLmnXhpbaHDcnGFI3qM=,cMKJ/UMMJFxQjpoCkFRrSg8FJv4=
10,13,Flvrk3QufLmnXhpbaHDcnGFI3qM=,cMKJ/UMMJFxQjpoCkFRrSg8FJv4=
0,8,Flvrk3QufLmnXhpbaHDcnGFI3qM=,cMKJ/UMMJFxQjpoCkFRrSg8FJv4=
15,15,Flvrk3QufLmnXhpbaHDcnGFI3qM=,cMKJ/UMMJFxQjpoCkFRrSg8FJv4=
9,13,Flvrk3QufLmnXhpbaHDcnGFI3qM=,cMKJ/UMMJFxQjpoCkFRrSg8FJv4=
6,2,Flvrk3QufLmnXhpbaHDcnGFI3qM=,cMKJ/UMMJFxQjpoCkFRrSg8FJv4=
8,13,Flvrk3QufLmnXhpbaHDcnGFI3qM=,cMKJ/UMMJFxQjpoCkFRrSg8FJv4=
7,13,Flvrk3QufLmnXhpbaHDcnGFI3qM=,cMKJ/UMMJFxQjpoCkFRrSg8FJv4=
12,10,Flvrk3QufLmnXhpbaHDcnGFI3qM=,cMKJ/UMMJFxQjpoCkFRrSg8FJv4=
11,10,Flvrk3QufLmnXhpbaHDcnGFI3qM=,cMKJ/UMMJFxQjpoCkFRrSg8FJv4=
10,10,Flvrk3QufLmnXhpbaHDcnGFI3qM=,cMKJ/UMMJFxQjpoCkFRrSg8FJv4=
15,11,Flvrk3QufLmnXhpbaHDcnGFI3qM=,cMKJ/UMMJFxQjpoCkFRrSg8FJv4=
6,13,Flvrk3QufLmnXhpbaHDcnGFI3qM=,cMKJ/UMMJFxQjpoCkFRrSg8FJv4=
5,13,Flvrk3QufLmnXhpbaHDcnGFI3qM=,cMKJ/UMMJFxQjpoCkFRrSg8FJv4=
7,2,Flvrk3QufLmnXhpbaHDcnGFI3qM=,cMKJ/UMMJFxQjpoCkFRrSg8FJv4=
13,15,Flvrk3QufLmnXhpbaHDcnGFI3qM=,cMKJ/UMMJFxQjpoCkFRrSg8FJv4=
1,8,Flvrk3QufLmnXhpbaHDcnGFI3qM=,cMKJ/UMMJFxQjpoCkFRrSg8FJv4=
4,13,Flvrk3QufLmnXhpbaHDcnGFI3qM=,cMKJ/UMMJFxQjpoCkFRrSg8FJv4=
14,4,Flvrk3QufLmnXhpbaHDcnGFI3qM=,cMKJ/UMMJFxQjpoCkFRrSg8FJv4=
14,15,Flvrk3QufLmnXhpbaHDcnGFI3qM=,cMKJ/UMMJFxQjpoCkFRrSg8FJv4=
15,4,Flvrk3QufLmnXhpbaHDcnGFI3qM=,cMKJ/UMMJFxQjpoCkFRrSg8FJv4=
3,13,Flvrk3QufLmnXhpbaHDcnGFI3qM=,cMKJ/UMMJFxQjpoCkFRrSg8FJv4=
5,2,Flvrk3QufLmnXhpbaHDcnGFI3qM=,cMKJ/UMMJFxQjpoCkFRrSg8FJv4=
9,10,Flvrk3QufLmnXhpbaHDcnGFI3qM=,cMKJ/UMMJFxQjpoCkFRrSg8FJv4=
0,5,Flvrk3QufLmnXhpbaHDcnGFI3qM=,cMKJ/UMMJFxQjpoCkFRrSg8FJv4=
8,10,Flvrk3QufLmnXhpbaHDcnGFI3qM=,cMKJ/UMMJFxQjpoCkFRrSg8FJv4=
1,5,Flvrk3QufLmnXhpbaHDcnGFI3qM=,cMKJ/UMMJFxQjpoCkFRrSg8FJv4=
12,15,Flvrk3QufLmnXhpbaHDcnGFI3qM=,cMKJ/UMMJFxQjpoCkFRrSg8FJv4=
12,13,Flvrk3QufLmnXhpbaHDcnGFI3qM=,cMKJ/UMMJFxQjpoCkFRrSg8FJv4=
13,7,Flvrk3QufLmnXhpbaHDcnGFI3qM=,cMKJ/UMMJFxQjpoCkFRrSg8FJv4=
14,11,Flvrk3QufLmnXhpbaHDcnGFI3qM=,cMKJ/UMMJFxQjpoCkFRrSg8FJv4=
8,2,Flvrk3QufLmnXhpbaHDcnGFI3qM=,cMKJ/UMMJFxQjpoCkFRrSg8FJv4=
11,15,Flvrk3QufLmnXhpbaHDcnGFI3qM=,cMKJ/UMMJFxQjpoCkFRrSg8FJv4=
13,13,Flvrk3QufLmnXhpbaHDcnGFI3qM=,cMKJ/UMMJFxQjpoCkFRrSg8FJv4=
2,8,Flvrk3QufLmnXhpbaHDcnGFI3qM=,cMKJ/UMMJFxQjpoCkFRrSg8FJv4=
10,15,Flvrk3QufLmnXhpbaHDcnGFI3qM=,cMKJ/UMMJFxQjpoCkFRrSg8FJv4=
3,8,Flvrk3QufLmnXhpbaHDcnGFI3qM=,cMKJ/UMMJFxQjpoCkFRrSg8FJv4=
12,4,Flvrk3QufLmnXhpbaHDcnGFI3qM=,cMKJ/UMMJFxQjpoCkFRrSg8FJv4=
2,5,Flvrk3QufLmnXhpbaHDcnGFI3qM=,cMKJ/UMMJFxQjpoCkFRrSg8FJv4=
9,15,Flvrk3QufLmnXhpbaHDcnGFI3qM=,cMKJ/UMMJFxQjpoCkFRrSg8FJv4=
7,10,Flvrk3QufLmnXhpbaHDcnGFI3qM=,cMKJ/UMMJFxQjpoCkFRrSg8FJv4=
13,11,Flvrk3QufLmnXhpbaHDcnGFI3qM=,cMKJ/UMMJFxQjpoCkFRrSg8FJv4=
2,13,Flvrk3QufLmnXhpbaHDcnGFI3qM=,cMKJ/UMMJFxQjpoCkFRrSg8FJv4=
1,13,Flvrk3QufLmnXhpbaHDcnGFI3qM=,cMKJ/UMMJFxQjpoCkFRrSg8FJv4=
0,2,Flvrk3QufLmnXhpbaHDcnGFI3qM=,cMKJ/UMMJFxQjpoCkFRrSg8FJv4=
8,15,Flvrk3QufLmnXhpbaHDcnGFI3qM=,cMKJ/UMMJFxQjpoCkFRrSg8FJv4=
14,13,Flvrk3QufLmnXhpbaHDcnGFI3qM=,cMKJ/UMMJFxQjpoCkFRrSg8FJv4=
0,13,Flvrk3QufLmnXhpbaHDcnGFI3qM=,cMKJ/UMMJFxQjpoCkFRrSg8FJv4=
9,2,Flvrk3QufLmnXhpbaHDcnGFI3qM=,cMKJ/UMMJFxQjpoCkFRrSg8FJv4=
15,12,Flvrk3QufLmnXhpbaHDcnGFI3qM=,cMKJ/UMMJFxQjpoCkFRrSg8FJv4=
3,5,Flvrk3QufLmnXhpbaHDcnGFI3qM=,cMKJ/UMMJFxQjpoCkFRrSg8FJv4=
7,15,Flvrk3QufLmnXhpbaHDcnGFI3qM=,cMKJ/UMMJFxQjpoCkFRrSg8FJv4=
11,4,Flvrk3QufLmnXhpbaHDcnGFI3qM=,cMKJ/UMMJFxQjpoCkFRrSg8FJv4=
6,15,Flvrk3QufLmnXhpbaHDcnGFI3qM=,cMKJ/UMMJFxQjpoCkFRrSg8FJv4=
11,0,Flvrk3QufLmnXhpbaHDcnGFI3qM=,cMKJ/UMMJFxQjpoCkFRrSg8FJv4=
12,7,Flvrk3QufLmnXhpbaHDcnGFI3qM=,cMKJ/UMMJFxQjpoCkFRrSg8FJv4=
11,7,Flvrk3QufLmnXhpbaHDcnGFI3qM=,cMKJ/UMMJFxQjpoCkFRrSg8FJv4=
4,8,Flvrk3QufLmnXhpbaHDcnGFI3qM=,cMKJ/UMMJFxQjpoCkFRrSg8FJv4=
10,4,Flvrk3QufLmnXhpbaHDcnGFI3qM=,cMKJ/UMMJFxQjpoCkFRrSg8FJv4=
5,8,Flvrk3QufLmnXhpbaHDcnGFI3qM=,cMKJ/UMMJFxQjpoCkFRrSg8FJv4=
9,4,Flvrk3QufLmnXhpbaHDcnGFI3qM=,cMKJ/UMMJFxQjpoCkFRrSg8FJv4=
6,10,Flvrk3QufLmnXhpbaHDcnGFI3qM=,cMKJ/UMMJFxQjpoCkFRrSg8FJv4=
7,0,Flvrk3QufLmnXhpbaHDcnGFI3qM=,cMKJ/UMMJFxQjpoCkFRrSg8FJv4=
12,11,Flvrk3QufLmnXhpbaHDcnGFI3qM=,cMKJ/UMMJFxQjpoCkFRrSg8FJv4=
5,10,Flvrk3QufLmnXhpbaHDcnGFI3qM=,cMKJ/UMMJFxQjpoCkFRrSg8FJv4=
11,11,Flvrk3QufLmnXhpbaHDcnGFI3qM=,cMKJ/UMMJFxQjpoCkFRrSg8FJv4=
6,8,Flvrk3QufLmnXhpbaHDcnGFI3qM=,cMKJ/UMMJFxQjpoCkFRrSg8FJv4=
5,15,Flvrk3QufLmnXhpbaHDcnGFI3qM=,cMKJ/UMMJFxQjpoCkFRrSg8FJv4=
4,15,Flvrk3QufLmnXhpbaHDcnGFI3qM=,cMKJ/UMMJFxQjpoCkFRrSg8FJv4=
2,15,Flvrk3QufLmnXhpbaHDcnGFI3qM=,cMKJ/UMMJFxQjpoCkFRrSg8FJv4=
3,15,Flvrk3QufLmnXhpbaHDcnGFI3qM=,cMKJ/UMMJFxQjpoCkFRrSg8FJv4=
1,15,Flvrk3QufLmnXhpbaHDcnGFI3qM=,cMKJ/UMMJFxQjpoCkFRrSg8FJv4=
4,5,Flvrk3QufLmnXhpbaHDcnGFI3qM=,cMKJ/UMMJFxQjpoCkFRrSg8FJv4=
10,11,Flvrk3QufLmnXhpbaHDcnGFI3qM=,cMKJ/UMMJFxQjpoCkFRrSg8FJv4=
7,8,Flvrk3QufLmnXhpbaHDcnGFI3qM=,cMKJ/UMMJFxQjpoCkFRrSg8FJv4=
0,15,Flvrk3QufLmnXhpbaHDcnGFI3qM=,cMKJ/UMMJFxQjpoCkFRrSg8FJv4=
5,5,Flvrk3QufLmnXhpbaHDcnGFI3qM=,cMKJ/UMMJFxQjpoCkFRrSg8FJv4=
6,5,Flvrk3QufLmnXhpbaHDcnGFI3qM=,cMKJ/UMMJFxQjpoCkFRrSg8FJv4=
14,12,Flvrk3QufLmnXhpbaHDcnGFI3qM=,cMKJ/UMMJFxQjpoCkFRrSg8FJv4=
15,14,Flvrk3QufLmnXhpbaHDcnGFI3qM=,cMKJ/UMMJFxQjpoCkFRrSg8FJv4=
7,5,Flvrk3QufLmnXhpbaHDcnGFI3qM=,cMKJ/UMMJFxQjpoCkFRrSg8FJv4=
4,10,Flvrk3QufLmnXhpbaHDcnGFI3qM=,cMKJ/UMMJFxQjpoCkFRrSg8FJv4=
9,11,Flvrk3QufLmnXhpbaHDcnGFI3qM=,cMKJ/UMMJFxQjpoCkFRrSg8FJv4=
10,7,Flvrk3QufLmnXhpbaHDcnGFI3qM=,cMKJ/UMMJFxQjpoCkFRrSg8FJv4=
6,0,Flvrk3QufLmnXhpbaHDcnGFI3qM=,cMKJ/UMMJFxQjpoCkFRrSg8FJv4=
3,10,Flvrk3QufLmnXhpbaHDcnGFI3qM=,cMKJ/UMMJFxQjpoCkFRrSg8FJv4=
2,0,Flvrk3QufLmnXhpbaHDcnGFI3qM=,cMKJ/UMMJFxQjpoCkFRrSg8FJv4=
2,10,Flvrk3QufLmnXhpbaHDcnGFI3qM=,cMKJ/UMMJFxQjpoCkFRrSg8FJv4=
13,12,Flvrk3QufLmnXhpbaHDcnGFI3qM=,cMKJ/UMMJFxQjpoCkFRrSg8FJv4=
10,2,Flvrk3QufLmnXhpbaHDcnGFI3qM=,cMKJ/UMMJFxQjpoCkFRrSg8FJv4=
8,11,Flvrk3QufLmnXhpbaHDcnGFI3qM=,cMKJ/UMMJFxQjpoCkFRrSg8FJv4=
7,11,Flvrk3QufLmnXhpbaHDcnGFI3qM=,cMKJ/UMMJFxQjpoCkFRrSg8FJv4=
14,14,Flvrk3QufLmnXhpbaHDcnGFI3qM=,cMKJ/UMMJFxQjpoCkFRrSg8FJv4=
8,8,Flvrk3QufLmnXhpbaHDcnGFI3qM=,cMKJ/UMMJFxQjpoCkFRrSg8FJv4=
11,2,Flvrk3QufLmnXhpbaHDcnGFI3qM=,cMKJ/UMMJFxQjpoCkFRrSg8FJv4=
8,4,Flvrk3QufLmnXhpbaHDcnGFI3qM=,cMKJ/UMMJFxQjpoCkFRrSg8FJv4=
9,8,Flvrk3QufLmnXhpbaHDcnGFI3qM=,cMKJ/UMMJFxQjpoCkFRrSg8FJv4=
10,8,Flvrk3QufLmnXhpbaHDcnGFI3qM=,cMKJ/UMMJFxQjpoCkFRrSg8FJv4=
12,2,Flvrk3QufLmnXhpbaHDcnGFI3qM=,cMKJ/UMMJFxQjpoCkFRrSg8FJv4=
4,2,Flvrk3QufLmnXhpbaHDcnGFI3qM=,cMKJ/UMMJFxQjpoCkFRrSg8FJv4=
13,2,Flvrk3QufLmnXhpbaHDcnGFI3qM=,cMKJ/UMMJFxQjpoCkFRrSg8FJv4=
1,0,Flvrk3QufLmnXhpbaHDcnGFI3qM=,cMKJ/UMMJFxQjpoCkFRrSg8FJv4=
6,11,Flvrk3QufLmnXhpbaHDcnGFI3qM=,cMKJ/UMMJFxQjpoCkFRrSg8FJv4=
7,4,Flvrk3QufLmnXhpbaHDcnGFI3qM=,cMKJ/UMMJFxQjpoCkFRrSg8FJv4=
14,2,Flvrk3QufLmnXhpbaHDcnGFI3qM=,cMKJ/UMMJFxQjpoCkFRrSg8FJv4=
11,8,Flvrk3QufLmnXhpbaHDcnGFI3qM=,cMKJ/UMMJFxQjpoCkFRrSg8FJv4=
5,11,Flvrk3QufLmnXhpbaHDcnGFI3qM=,cMKJ/UMMJFxQjpoCkFRrSg8FJv4=
10,0,Flvrk3QufLmnXhpbaHDcnGFI3qM=,cMKJ/UMMJFxQjpoCkFRrSg8FJv4=
15,2,Flvrk3QufLmnXhpbaHDcnGFI3qM=,cMKJ/UMMJFxQjpoCkFRrSg8FJv4=
12,12,Flvrk3QufLmnXhpbaHDcnGFI3qM=,cMKJ/UMMJFxQjpoCkFRrSg8FJv4=
9,7,Flvrk3QufLmnXhpbaHDcnGFI3qM=,cMKJ/UMMJFxQjpoCkFRrSg8FJv4=
1,10,Flvrk3QufLmnXhpbaHDcnGFI3qM=,cMKJ/UMMJFxQjpoCkFRrSg8FJv4=
0,3,Flvrk3QufLmnXhpbaHDcnGFI3qM=,cMKJ/UMMJFxQjpoCkFRrSg8FJv4=
11,12,Flvrk3QufLmnXhpbaHDcnGFI3qM=,cMKJ/UMMJFxQjpoCkFRrSg8FJv4=
6,4,Flvrk3QufLmnXhpbaHDcnGFI3qM=,cMKJ/UMMJFxQjpoCkFRrSg8FJv4=
8,5,Flvrk3QufLmnXhpbaHDcnGFI3qM=,cMKJ/UMMJFxQjpoCkFRrSg8FJv4=
8,1,Flvrk3QufLmnXhpbaHDcnGFI3qM=,cMKJ/UMMJFxQjpoCkFRrSg8FJv4=
1,3,Flvrk3QufLmnXhpbaHDcnGFI3qM=,cMKJ/UMMJFxQjpoCkFRrSg8FJv4=
7,1,Flvrk3QufLmnXhpbaHDcnGFI3qM=,cMKJ/UMMJFxQjpoCkFRrSg8FJv4=
12,8,Flvrk3QufLmnXhpbaHDcnGFI3qM=,cMKJ/UMMJFxQjpoCkFRrSg8FJv4=
9,5,Flvrk3QufLmnXhpbaHDcnGFI3qM=,cMKJ/UMMJFxQjpoCkFRrSg8FJv4=
13,8,Flvrk3QufLmnXhpbaHDcnGFI3qM=,cMKJ/UMMJFxQjpoCkFRrSg8FJv4=
6,1,Flvrk3QufLmnXhpbaHDcnGFI3qM=,cMKJ/UMMJFxQjpoCkFRrSg8FJv4=
2,3,Flvrk3QufLmnXhpbaHDcnGFI3qM=,cMKJ/UMMJFxQjpoCkFRrSg8FJv4=
10,5,Flvrk3QufLmnXhpbaHDcnGFI3qM=,cMKJ/UMMJFxQjpoCkFRrSg8FJv4=
3,0,Flvrk3QufLmnXhpbaHDcnGFI3qM=,cMKJ/UMMJFxQjpoCkFRrSg8FJv4=
0,10,Flvrk3QufLmnXhpbaHDcnGFI3qM=,cMKJ/UMMJFxQjpoCkFRrSg8FJv4=
10,1,Flvrk3QufLmnXhpbaHDcnGFI3qM=,cMKJ/UMMJFxQjpoCkFRrSg8FJv4=
15,9,Flvrk3QufLmnXhpbaHDcnGFI3qM=,cMKJ/UMMJFxQjpoCkFRrSg8FJv4=
11,5,Flvrk3QufLmnXhpbaHDcnGFI3qM=,cMKJ/UMMJFxQjpoCkFRrSg8FJv4=
14,9,Flvrk3QufLmnXhpbaHDcnGFI3qM=,cMKJ/UMMJFxQjpoCkFRrSg8FJv4=
14,8,Flvrk3QufLmnXhpbaHDcnGFI3qM=,cMKJ/UMMJFxQjpoCkFRrSg8FJv4=
13,9,Flvrk3QufLmnXhpbaHDcnGFI3qM=,cMKJ/UMMJFxQjpoCkFRrSg8FJv4=
10,12,Flvrk3QufLmnXhpbaHDcnGFI3qM=,cMKJ/UMMJFxQjpoCkFRrSg8FJv4=
9,1,Flvrk3QufLmnXhpbaHDcnGFI3qM=,cMKJ/UMMJFxQjpoCkFRrSg8FJv4=
9,12,Flvrk3QufLmnXhpbaHDcnGFI3qM=,cMKJ/UMMJFxQjpoCkFRrSg8FJv4=
12,14,Flvrk3QufLmnXhpbaHDcnGFI3qM=,cMKJ/UMMJFxQjpoCkFRrSg8FJv4=
3,3,Flvrk3QufLmnXhpbaHDcnGFI3qM=,cMKJ/UMMJFxQjpoCkFRrSg8FJv4=
4,3,Flvrk3QufLmnXhpbaHDcnGFI3qM=,cMKJ/UMMJFxQjpoCkFRrSg8FJv4=
11,14,Flvrk3QufLmnXhpbaHDcnGFI3qM=,cMKJ/UMMJFxQjpoCkFRrSg8FJv4=
0,0,Flvrk3QufLmnXhpbaHDcnGFI3qM=,cMKJ/UMMJFxQjpoCkFRrSg8FJv4=
12,9,Flvrk3QufLmnXhpbaHDcnGFI3qM=,cMKJ/UMMJFxQjpoCkFRrSg8FJv4=
12,0,Flvrk3QufLmnXhpbaHDcnGFI3qM=,cMKJ/UMMJFxQjpoCkFRrSg8FJv4=
13,0,Flvrk3QufLmnXhpbaHDcnGFI3qM=,cMKJ/UMMJFxQjpoCkFRrSg8FJv4=
8,7,Flvrk3QufLmnXhpbaHDcnGFI3qM=,cMKJ/UMMJFxQjpoCkFRrSg8FJv4=
15,1,Flvrk3QufLmnXhpbaHDcnGFI3qM=,cMKJ/UMMJFxQjpoCkFRrSg8FJv4=
14,0,Flvrk3QufLmnXhpbaHDcnGFI3qM=,cMKJ/UMMJFxQjpoCkFRrSg8FJv4=
8,12,Flvrk3QufLmnXhpbaHDcnGFI3qM=,cMKJ/UMMJFxQjpoCkFRrSg8FJv4=
5,3,Flvrk3QufLmnXhpbaHDcnGFI3qM=,cMKJ/UMMJFxQjpoCkFRrSg8FJv4=
7,12,Flvrk3QufLmnXhpbaHDcnGFI3qM=,cMKJ/UMMJFxQjpoCkFRrSg8FJv4=
6,3,Flvrk3QufLmnXhpbaHDcnGFI3qM=,cMKJ/UMMJFxQjpoCkFRrSg8FJv4=
12,5,Flvrk3QufLmnXhpbaHDcnGFI3qM=,cMKJ/UMMJFxQjpoCkFRrSg8FJv4=
15,0,Flvrk3QufLmnXhpbaHDcnGFI3qM=,cMKJ/UMMJFxQjpoCkFRrSg8FJv4=
15,13,Flvrk3QufLmnXhpbaHDcnGFI3qM=,cMKJ/UMMJFxQjpoCkFRrSg8FJv4=
11,1,Flvrk3QufLmnXhpbaHDcnGFI3qM=,cMKJ/UMMJFxQjpoCkFRrSg8FJv4=
5,1,Flvrk3QufLmnXhpbaHDcnGFI3qM=,cMKJ/UMMJFxQjpoCkFRrSg8FJv4=
13,5,Flvrk3QufLmnXhpbaHDcnGFI3qM=,cMKJ/UMMJFxQjpoCkFRrSg8FJv4=
13,14,Flvrk3QufLmnXhpbaHDcnGFI3qM=,cMKJ/UMMJFxQjpoCkFRrSg8FJv4=
15,8,Flvrk3QufLmnXhpbaHDcnGFI3qM=,cMKJ/UMMJFxQjpoCkFRrSg8FJv4=
4,11,Flvrk3QufLmnXhpbaHDcnGFI3qM=,cMKJ/UMMJFxQjpoCkFRrSg8FJv4=
10,14,Flvrk3QufLmnXhpbaHDcnGFI3qM=,cMKJ/UMMJFxQjpoCkFRrSg8FJv4=
14,5,Flvrk3QufLmnXhpbaHDcnGFI3qM=,cMKJ/UMMJFxQjpoCkFRrSg8FJv4=
9,14,Flvrk3QufLmnXhpbaHDcnGFI3qM=,cMKJ/UMMJFxQjpoCkFRrSg8FJv4=
0,1,Flvrk3QufLmnXhpbaHDcnGFI3qM=,cMKJ/UMMJFxQjpoCkFRrSg8FJv4=
7,7,Flvrk3QufLmnXhpbaHDcnGFI3qM=,cMKJ/UMMJFxQjpoCkFRrSg8FJv4=
5,4,Flvrk3QufLmnXhpbaHDcnGFI3qM=,cMKJ/UMMJFxQjpoCkFRrSg8FJv4=
3,11,Flvrk3QufLmnXhpbaHDcnGFI3qM=,cMKJ/UMMJFxQjpoCkFRrSg8FJv4=
15,5,Flvrk3QufLmnXhpbaHDcnGFI3qM=,cMKJ/UMMJFxQjpoCkFRrSg8FJv4=
2,11,Flvrk3QufLmnXhpbaHDcnGFI3qM=,cMKJ/UMMJFxQjpoCkFRrSg8FJv4=
1,11,Flvrk3QufLmnXhpbaHDcnGFI3qM=,cMKJ/UMMJFxQjpoCkFRrSg8FJv4=
3,2,Flvrk3QufLmnXhpbaHDcnGFI3qM=,cMKJ/UMMJFxQjpoCkFRrSg8FJv4=
7,3,Flvrk3QufLmnXhpbaHDcnGFI3qM=,cMKJ/UMMJFxQjpoCkFRrSg8FJv4=
6,7,Flvrk3QufLmnXhpbaHDcnGFI3qM=,cMKJ/UMMJFxQjpoCkFRrSg8FJv4=
0,11,Flvrk3QufLmnXhpbaHDcnGFI3qM=,cMKJ/UMMJFxQjpoCkFRrSg8FJv4=
8,3,Flvrk3QufLmnXhpbaHDcnGFI3qM=,cMKJ/UMMJFxQjpoCkFRrSg8FJv4=
5,7,Flvrk3QufLmnXhpbaHDcnGFI3qM=,cMKJ/UMMJFxQjpoCkFRrSg8FJv4=
4,7,Flvrk3QufLmnXhpbaHDcnGFI3qM=,cMKJ/UMMJFxQjpoCkFRrSg8FJv4=
15,10,Flvrk3QufLmnXhpbaHDcnGFI3qM=,cMKJ/UMMJFxQjpoCkFRrSg8FJv4=
9,0,Flvrk3QufLmnXhpbaHDcnGFI3qM=,cMKJ/UMMJFxQjpoCkFRrSg8FJv4=
8,14,Flvrk3QufLmnXhpbaHDcnGFI3qM=,cMKJ/UMMJFxQjpoCkFRrSg8FJv4=
4,1,Flvrk3QufLmnXhpbaHDcnGFI3qM=,cMKJ/UMMJFxQjpoCkFRrSg8FJv4=
4,4,Flvrk3QufLmnXhpbaHDcnGFI3qM=,cMKJ/UMMJFxQjpoCkFRrSg8FJv4=
11,9,Flvrk3QufLmnXhpbaHDcnGFI3qM=,cMKJ/UMMJFxQjpoCkFRrSg8FJv4=
3,1,Flvrk3QufLmnXhpbaHDcnGFI3qM=,cMKJ/UMMJFxQjpoCkFRrSg8FJv4=
10,9,Flvrk3QufLmnXhpbaHDcnGFI3qM=,cMKJ/UMMJFxQjpoCkFRrSg8FJv4=
3,7,Flvrk3QufLmnXhpbaHDcnGFI3qM=,cMKJ/UMMJFxQjpoCkFRrSg8FJv4=
9,9,Flvrk3QufLmnXhpbaHDcnGFI3qM=,cMKJ/UMMJFxQjpoCkFRrSg8FJv4=
14,1,Flvrk3QufLmnXhpbaHDcnGFI3qM=,cMKJ/UMMJFxQjpoCkFRrSg8FJv4=
2,7,Flvrk3QufLmnXhpbaHDcnGFI3qM=,cMKJ/UMMJFxQjpoCkFRrSg8FJv4=
14,10,Flvrk3QufLmnXhpbaHDcnGFI3qM=,cMKJ/UMMJFxQjpoCkFRrSg8FJv4=
1,7,Flvrk3QufLmnXhpbaHDcnGFI3qM=,cMKJ/UMMJFxQjpoCkFRrSg8FJv4=
1,1,Flvrk3QufLmnXhpbaHDcnGFI3qM=,cMKJ/UMMJFxQjpoCkFRrSg8FJv4=
0,6,Flvrk3QufLmnXhpbaHDcnGFI3qM=,cMKJ/UMMJFxQjpoCkFRrSg8FJv4=
8,9,Flvrk3QufLmnXhpbaHDcnGFI3qM=,cMKJ/UMMJFxQjpoCkFRrSg8FJv4=
9,3,Flvrk3QufLmnXhpbaHDcnGFI3qM=,cMKJ/UMMJFxQjpoCkFRrSg8FJv4=
7,9,Flvrk3QufLmnXhpbaHDcnGFI3qM=,cMKJ/UMMJFxQjpoCkFRrSg8FJv4=
0,14,Flvrk3QufLmnXhpbaHDcnGFI3qM=,cMKJ/UMMJFxQjpoCkFRrSg8FJv4=
6,9,Flvrk3QufLmnXhpbaHDcnGFI3qM=,cMKJ/UMMJFxQjpoCkFRrSg8FJv4=
1,14,Flvrk3QufLmnXhpbaHDcnGFI3qM=,cMKJ/UMMJFxQjpoCkFRrSg8FJv4=
10,3,Flvrk3QufLmnXhpbaHDcnGFI3qM=,cMKJ/UMMJFxQjpoCkFRrSg8FJv4=
4,0,Flvrk3QufLmnXhpbaHDcnGFI3qM=,cMKJ/UMMJFxQjpoCkFRrSg8FJv4=
7,14,Flvrk3QufLmnXhpbaHDcnGFI3qM=,cMKJ/UMMJFxQjpoCkFRrSg8FJv4=
1,2,Flvrk3QufLmnXhpbaHDcnGFI3qM=,cMKJ/UMMJFxQjpoCkFRrSg8FJv4=
11,3,Flvrk3QufLmnXhpbaHDcnGFI3qM=,cMKJ/UMMJFxQjpoCkFRrSg8FJv4=
12,3,Flvrk3QufLmnXhpbaHDcnGFI3qM=,cMKJ/UMMJFxQjpoCkFRrSg8FJv4=
15,6,Flvrk3QufLmnXhpbaHDcnGFI3qM=,cMKJ/UMMJFxQjpoCkFRrSg8FJv4=
12,1,Flvrk3QufLmnXhpbaHDcnGFI3qM=,cMKJ/UMMJFxQjpoCkFRrSg8FJv4=
3,4,Flvrk3QufLmnXhpbaHDcnGFI3qM=,cMKJ/UMMJFxQjpoCkFRrSg8FJv4=
1,6,Flvrk3QufLmnXhpbaHDcnGFI3qM=,cMKJ/UMMJFxQjpoCkFRrSg8FJv4=
2,1,Flvrk3QufLmnXhpbaHDcnGFI3qM=,cMKJ/UMMJFxQjpoCkFRrSg8FJv4=
2,6,Flvrk3QufLmnXhpbaHDcnGFI3qM=,cMKJ/UMMJFxQjpoCkFRrSg8FJv4=
2,4,Flvrk3QufLmnXhpbaHDcnGFI3qM=,cMKJ/UMMJFxQjpoCkFRrSg8FJv4=
2,2,Flvrk3QufLmnXhpbaHDcnGFI3qM=,cMKJ/UMMJFxQjpoCkFRrSg8FJv4=
0,9,Flvrk3QufLmnXhpbaHDcnGFI3qM=,cMKJ/UMMJFxQjpoCkFRrSg8FJv4=
14,6,Flvrk3QufLmnXhpbaHDcnGFI3qM=,cMKJ/UMMJFxQjpoCkFRrSg8FJv4=
13,6,Flvrk3QufLmnXhpbaHDcnGFI3qM=,cMKJ/UMMJFxQjpoCkFRrSg8FJv4=
12,6,Flvrk3QufLmnXhpbaHDcnGFI3qM=,cMKJ/UMMJFxQjpoCkFRrSg8FJv4=
0,12,Flvrk3QufLmnXhpbaHDcnGFI3qM=,cMKJ/UMMJFxQjpoCkFRrSg8FJv4=
3,6,Flvrk3QufLmnXhpbaHDcnGFI3qM=,cMKJ/UMMJFxQjpoCkFRrSg8FJv4=
5,9,Flvrk3QufLmnXhpbaHDcnGFI3qM=,cMKJ/UMMJFxQjpoCkFRrSg8FJv4=
11,6,Flvrk3QufLmnXhpbaHDcnGFI3qM=,cMKJ/UMMJFxQjpoCkFRrSg8FJv4=
1,12,Flvrk3QufLmnXhpbaHDcnGFI3qM=,cMKJ/UMMJFxQjpoCkFRrSg8FJv4=
10,6,Flvrk3QufLmnXhpbaHDcnGFI3qM=,cMKJ/UMMJFxQjpoCkFRrSg8FJv4=
13,3,Flvrk3QufLmnXhpbaHDcnGFI3qM=,cMKJ/UMMJFxQjpoCkFRrSg8FJv4=
13,1,Flvrk3QufLmnXhpbaHDcnGFI3qM=,cMKJ/UMMJFxQjpoCkFRrSg8FJv4=
2,14,Flvrk3QufLmnXhpbaHDcnGFI3qM=,cMKJ/UMMJFxQjpoCkFRrSg8FJv4=
6,14,Flvrk3QufLmnXhpbaHDcnGFI3qM=,cMKJ/UMMJFxQjpoCkFRrSg8FJv4=
0,7,Flvrk3QufLmnXhpbaHDcnGFI3qM=,cMKJ/UMMJFxQjpoCkFRrSg8FJv4=
9,6,Flvrk3QufLmnXhpbaHDcnGFI3qM=,cMKJ/UMMJFxQjpoCkFRrSg8FJv4=
4,9,Flvrk3QufLmnXhpbaHDcnGFI3qM=,cMKJ/UMMJFxQjpoCkFRrSg8FJv4=
8,6,Flvrk3QufLmnXhpbaHDcnGFI3qM=,cMKJ/UMMJFxQjpoCkFRrSg8FJv4=
5,14,Flvrk3QufLmnXhpbaHDcnGFI3qM=,cMKJ/UMMJFxQjpoCkFRrSg8FJv4=
5,0,Flvrk3QufLmnXhpbaHDcnGFI3qM=,cMKJ/UMMJFxQjpoCkFRrSg8FJv4=
3,9,Flvrk3QufLmnXhpbaHDcnGFI3qM=,cMKJ/UMMJFxQjpoCkFRrSg8FJv4=
6,12,Flvrk3QufLmnXhpbaHDcnGFI3qM=,cMKJ/UMMJFxQjpoCkFRrSg8FJv4=
8,0,Flvrk3QufLmnXhpbaHDcnGFI3qM=,cMKJ/UMMJFxQjpoCkFRrSg8FJv4=
2,9,Flvrk3QufLmnXhpbaHDcnGFI3qM=,cMKJ/UMMJFxQjpoCkFRrSg8FJv4=
7,6,Flvrk3QufLmnXhpbaHDcnGFI3qM=,cMKJ/UMMJFxQjpoCkFRrSg8FJv4=
5,12,Flvrk3QufLmnXhpbaHDcnGFI3qM=,cMKJ/UMMJFxQjpoCkFRrSg8FJv4=
6,6,Flvrk3QufLmnXhpbaHDcnGFI3qM=,cMKJ/UMMJFxQjpoCkFRrSg8FJv4=
4,12,Flvrk3QufLmnXhpbaHDcnGFI3qM=,cMKJ/UMMJFxQjpoCkFRrSg8FJv4=
3,12,Flvrk3QufLmnXhpbaHDcnGFI3qM=,cMKJ/UMMJFxQjpoCkFRrSg8FJv4=
5,6,Flvrk3QufLmnXhpbaHDcnGFI3qM=,cMKJ/UMMJFxQjpoCkFRrSg8FJv4=
4,14,Flvrk3QufLmnXhpbaHDcnGFI3qM=,cMKJ/UMMJFxQjpoCkFRrSg8FJv4=
14,3,Flvrk3QufLmnXhpbaHDcnGFI3qM=,cMKJ/UMMJFxQjpoCkFRrSg8FJv4=
2,12,Flvrk3QufLmnXhpbaHDcnGFI3qM=,cMKJ/UMMJFxQjpoCkFRrSg8FJv4=
1,4,Flvrk3QufLmnXhpbaHDcnGFI3qM=,cMKJ/UMMJFxQjpoCkFRrSg8FJv4=
1,9,Flvrk3QufLmnXhpbaHDcnGFI3qM=,cMKJ/UMMJFxQjpoCkFRrSg8FJv4=
15,3,Flvrk3QufLmnXhpbaHDcnGFI3qM=,cMKJ/UMMJFxQjpoCkFRrSg8FJv4=
3,14,Flvrk3QufLmnXhpbaHDcnGFI3qM=,cMKJ/UMMJFxQjpoCkFRrSg8FJv4=
4,6,Flvrk3QufLmnXhpbaHDcnGFI3qM=,cMKJ/UMMJFxQjpoCkFRrSg8FJv4=
0,4,Flvrk3QufLmnXhpbaHDcnGFI3qM=,cMKJ/UMMJFxQjpoCkFRrSg8FJv4=
15,31,v8SM43TtYiLo3uC+l4F2AEddVh4=,mBq4ghmAnntj/GUJ18rUrrnrnec=
14,31,v8SM43TtYiLo3uC+l4F2AEddVh4=,mBq4ghmAnntj/GUJ18rUrrnrnec=
12,19,v8SM43TtYiLo3uC+l4F2AEddVh4=,mBq4ghmAnntj/GUJ18rUrrnrnec=
13,31,v8SM43TtYiLo3uC+l4F2AEddVh4=,mBq4ghmAnntj/GUJ18rUrrnrnec=
14,18,v8SM43TtYiLo3uC+l4F2AEddVh4=,mBq4ghmAnntj/GUJ18rUrrnrnec=
2,17,v8SM43TtYiLo3uC+l4F2AEddVh4=,mBq4ghmAnntj/GUJ18rUrrnrnec=
13,19,v8SM43TtYiLo3uC+l4F2AEddVh4=,mBq4ghmAnntj/GUJ18rUrrnrnec=
12,31,v8SM43TtYiLo3uC+l4F2AEddVh4=,mBq4ghmAnntj/GUJ18rUrrnrnec=
14,19,v8SM43TtYiLo3uC+l4F2AEddVh4=,mBq4ghmAnntj/GUJ18rUrrnrnec=
15,19,v8SM43TtYiLo3uC+l4F2AEddVh4=,mBq4ghmAnntj/GUJ18rUrrnrnec=
0,20,v8SM43TtYiLo3uC+l4F2AEddVh4=,mBq4ghmAnntj/GUJ18rUrrnrnec=
15,18,v8SM43TtYiLo3uC+l4F2AEddVh4=,mBq4ghmAnntj/GUJ18rUrrnrnec=
3,17,v8SM43TtYiLo3uC+l4F2AEddVh4=,mBq4ghmAnntj/GUJ18rUrrnrnec=
1,20,v8SM43TtYiLo3uC+l4F2AEddVh4=,mBq4ghmAnntj/GUJ18rUrrnrnec=
2,20,v8SM43TtYiLo3uC+l4F2AEddVh4=,mBq4ghmAnntj/GUJ18rUrrnrnec=
3,20,v8SM43TtYiLo3uC+l4F2AEddVh4=,mBq4ghmAnntj/GUJ18rUrrnrnec=
4,20,v8SM43TtYiLo3uC+l4F2AEddVh4=,mBq4ghmAnntj/GUJ18rUrrnrnec=
5,20,v8SM43TtYiLo3uC+l4F2AEddVh4=,mBq4ghmAnntj/GUJ18rUrrnrnec=
6,20,v8SM43TtYiLo3uC+l4F2AEddVh4=,mBq4ghmAnntj/GUJ18rUrrnrnec=
7,20,v8SM43TtYiLo3uC+l4F2AEddVh4=,mBq4ghmAnntj/GUJ18rUrrnrnec=
4,17,v8SM43TtYiLo3uC+l4F2AEddVh4=,mBq4ghmAnntj/GUJ18rUrrnrnec=
8,20,v8SM43TtYiLo3uC+l4F2AEddVh4=,mBq4ghmAnntj/GUJ18rUrrnrnec=
3,16,v8SM43TtYiLo3uC+l4F2AEddVh4=,mBq4ghmAnntj/GUJ18rUrrnrnec=
10,31,v8SM43TtYiLo3uC+l4F2AEddVh4=,mBq4ghmAnntj/GUJ18rUrrnrnec=
13,18,v8SM43TtYiLo3uC+l4F2AEddVh4=,mBq4ghmAnntj/GUJ18rUrrnrnec=
9,31,v8SM43TtYiLo3uC+l4F2AEddVh4=,mBq4ghmAnntj/GUJ18rUrrnrnec=
8,31,v8SM43TtYiLo3uC+l4F2AEddVh4=,mBq4ghmAnntj/GUJ18rUrrnrnec=
12,18,v8SM43TtYiLo3uC+l4F2AEddVh4=,mBq4ghmAnntj/GUJ18rUrrnrnec=
7,31,v8SM43TtYiLo3uC+l4F2AEddVh4=,mBq4ghmAnntj/GUJ18rUrrnrnec=
6,31,v8SM43TtYiLo3uC+l4F2AEddVh4=,mBq4ghmAnntj/GUJ18rUrrnrnec=
11,19,v8SM43TtYiLo3uC+l4F2AEddVh4=,mBq4ghmAnntj/GUJ18rUrrnrnec=
5,31,v8SM43TtYiLo3uC+l4F2AEddVh4=,mBq4ghmAnntj/GUJ18rUrrnrnec=
4,31,v8SM43TtYiLo3uC+l4F2AEddVh4=,mBq4ghmAnntj/GUJ18rUrrnrnec=
3,31,v8SM43TtYiLo3uC+l4F2AEddVh4=,mBq4ghmAnntj/GUJ18rUrrnrnec=
2,31,v8SM43TtYiLo3uC+l4F2AEddVh4=,mBq4ghmAnntj/GUJ18rUrrnrnec=
1,31,v8SM43TtYiLo3uC+l4F2AEddVh4=,mBq4ghmAnntj/GUJ18rUrrnrnec=
0,31,v8SM43TtYiLo3uC+l4F2AEddVh4=,mBq4ghmAnntj/GUJ18rUrrnrnec=
9,20,v8SM43TtYiLo3uC+l4F2AEddVh4=,mBq4ghmAnntj/GUJ18rUrrnrnec=
15,30,v8SM43TtYiLo3uC+l4F2AEddVh4=,mBq4ghmAnntj/GUJ18rUrrnrnec=
11,31,v8SM43TtYiLo3uC+l4F2AEddVh4=,mBq4ghmAnntj/GUJ18rUrrnrnec=
11,18,v8SM43TtYiLo3uC+l4F2AEddVh4=,mBq4ghmAnntj/GUJ18rUrrnrnec=
14,30,v8SM43TtYiLo3uC+l4F2AEddVh4=,mBq4ghmAnntj/GUJ18rUrrnrnec=
13,30,v8SM43TtYiLo3uC+l4F2AEddVh4=,mBq4ghmAnntj/GUJ18rUrrnrnec=
10,20,v8SM43TtYiLo3uC+l4F2AEddVh4=,mBq4ghmAnntj/GUJ18rUrrnrnec=
11,20,v8SM43TtYiLo3uC+l4F2AEddVh4=,mBq4ghmAnntj/GUJ18rUrrnrnec=
12,20,v8SM43TtYiLo3uC+l4F2AEddVh4=,mBq4ghmAnntj/GUJ18rUrrnrnec=
4,16,v8SM43TtYiLo3uC+l4F2AEddVh4=,mBq4ghmAnntj/GUJ18rUrrnrnec=
13,20,v8SM43TtYiLo3uC+l4F2AEddVh4=,mBq4ghmAnntj/GUJ18rUrrnrnec=
14,20,v8SM43TtYiLo3uC+l4F2AEddVh4=,mBq4ghmAnntj/GUJ18rUrrnrnec=
15,20,v8SM43TtYiLo3uC+l4F2AEddVh4=,mBq4ghmAnntj/GUJ18rUrrnrnec=
0,21,v8SM43TtYiLo3uC+l4F2AEddVh4=,mBq4ghmAnntj/GUJ18rUrrnrnec=
1,21,v8SM43TtYiLo3uC+l4F2AEddVh4=,mBq4ghmAnntj/GUJ18rUrrnrnec=
2,21,v8SM43TtYiLo3uC+l4F2AEddVh4=,mBq4ghmAnntj/GUJ18rUrrnrnec=
5,16,v8SM43TtYiLo3uC+l4F2AEddVh4=,mBq4ghmAnntj/GUJ18rUrrnrnec=
3,21,v8SM43TtYiLo3uC+l4F2AEddVh4=,mBq4ghmAnntj/GUJ18rUrrnrnec=
4,21,v8SM43TtYiLo3uC+l4F2AEddVh4=,mBq4ghmAnntj/GUJ18rUrrnrnec=
10,18,v8SM43TtYiLo3uC+l4F2AEddVh4=,mBq4ghmAnntj/GUJ18rUrrnrnec=
9,18,v8SM43TtYiLo3uC+l4F2AEddVh4=,mBq4ghmAnntj/GUJ18rUrrnrnec=
8,18,v8SM43TtYiLo3uC+l4F2AEddVh4=,mBq4ghmAnntj/GUJ18rUrrnrnec=
12,30,v8SM43TtYiLo3uC+l4F2AEddVh4=,mBq4ghmAnntj/GUJ18rUrrnrnec=
11,30,v8SM43TtYiLo3uC+l4F2AEddVh4=,mBq4ghmAnntj/GUJ18rUrrnrnec=
10,30,v8SM43TtYiLo3uC+l4F2AEddVh4=,mBq4ghmAnntj/GUJ18rUrrnrnec=
8,30,v8SM43TtYiLo3uC+l4F2AEddVh4=,mBq4ghmAnntj/GUJ18rUrrnrnec=
7,18,v8SM43TtYiLo3uC+l4F2AEddVh4=,mBq4ghmAnntj/GUJ18rUrrnrnec=
9,30,v8SM43TtYiLo3uC+l4F2AEddVh4=,mBq4ghmAnntj/GUJ18rUrrnrnec=
10,19,v8SM43TtYiLo3uC+l4F2AEddVh4=,mBq4ghmAnntj/GUJ18rUrrnrnec=
15,17,v8SM43TtYiLo3uC+l4F2AEddVh4=,mBq4ghmAnntj/GUJ18rUrrnrnec=
6,18,v8SM43TtYiLo3uC+l4F2AEddVh4=,mBq4ghmAnntj/GUJ18rUrrnrnec=
5,18,v8SM43TtYiLo3uC+l4F2AEddVh4=,mBq4ghmAnntj/GUJ18rUrrnrnec=
1,17,v8SM43TtYiLo3uC+l4F2AEddVh4=,mBq4ghmAnntj/GUJ18rUrrnrnec=
6,30,v8SM43TtYiLo3uC+l4F2AEddVh4=,mBq4ghmAnntj/GUJ18rUrrnrnec=
7,30,v8SM43TtYiLo3uC+l4F2AEddVh4=,mBq4ghmAnntj/GUJ18rUrrnrnec=
4,30,v8SM43TtYiLo3uC+l4F2AEddVh4=,mBq4ghmAnntj/GUJ18rUrrnrnec=
3,30,v8SM43TtYiLo3uC+l4F2AEddVh4=,mBq4ghmAnntj/GUJ18rUrrnrnec=
2,30,v8SM43TtYiLo3uC+l4F2AEddVh4=,mBq4ghmAnntj/GUJ18rUrrnrnec=
1,30,v8SM43TtYiLo3uC+l4F2AEddVh4=,mBq4ghmAnntj/GUJ18rUrrnrnec=
0,30,v8SM43TtYiLo3uC+l4F2AEddVh4=,mBq4ghmAnntj/GUJ18rUrrnrnec=
15,29,v8SM43TtYiLo3uC+l4F2AEddVh4=,mBq4ghmAnntj/GUJ18rUrrnrnec=
5,21,v8SM43TtYiLo3uC+l4F2AEddVh4=,mBq4ghmAnntj/GUJ18rUrrnrnec=
6,21,v8SM43TtYiLo3uC+l4F2AEddVh4=,mBq4ghmAnntj/GUJ18rUrrnrnec=
4,18,v8SM43TtYiLo3uC+l4F2AEddVh4=,mBq4ghmAnntj/GUJ18rUrrnrnec=
3,18,v8SM43TtYiLo3uC+l4F2AEddVh4=,mBq4ghmAnntj/GUJ18rUrrnrnec=
2,18,v8SM43TtYiLo3uC+l4F2AEddVh4=,mBq4ghmAnntj/GUJ18rUrrnrnec=
5,30,v8SM43TtYiLo3uC+l4F2AEddVh4=,mBq4ghmAnntj/GUJ18rUrrnrnec=
1,18,v8SM43TtYiLo3uC+l4F2AEddVh4=,mBq4ghmAnntj/GUJ18rUrrnrnec=
14,29,v8SM43TtYiLo3uC+l4F2AEddVh4=,mBq4ghmAnntj/GUJ18rUrrnrnec=
0,18,v8SM43TtYiLo3uC+l4F2AEddVh4=,mBq4ghmAnntj/GUJ18rUrrnrnec=
2,16,v8SM43TtYiLo3uC+l4F2AEddVh4=,mBq4ghmAnntj/GUJ18rUrrnrnec=
9,19,v8SM43TtYiLo3uC+l4F2AEddVh4=,mBq4ghmAnntj/GUJ18rUrrnrnec=
13,29,v8SM43TtYiLo3uC+l4F2AEddVh4=,mBq4ghmAnntj/GUJ18rUrrnrnec=
12,29,v8SM43TtYiLo3uC+l4F2AEddVh4=,mBq4ghmAnntj/GUJ18rUrrnrnec=
0,17,v8SM43TtYiLo3uC+l4F2AEddVh4=,mBq4ghmAnntj/GUJ18rUrrnrnec=
11,29,v8SM43TtYiLo3uC+l4F2AEddVh4=,mBq4ghmAnntj/GUJ18rUrrnrnec=
10,29,v8SM43TtYiLo3uC+l4F2AEddVh4=,mBq4ghmAnntj/GUJ18rUrrnrnec=
9,29,v8SM43TtYiLo3uC+l4F2AEddVh4=,mBq4ghmAnntj/GUJ18rUrrnrnec=
8,29,v8SM43TtYiLo3uC+l4F2AEddVh4=,mBq4ghmAnntj/GUJ18rUrrnrnec=
7,29,v8SM43TtYiLo3uC+l4F2AEddVh4=,mBq4ghmAnntj/GUJ18rUrrnrnec=
6,29,v8SM43TtYiLo3uC+l4F2AEddVh4=,mBq4ghmAnntj/GUJ18rUrrnrnec=
4,29,v8SM43TtYiLo3uC+l4F2AEddVh4=,mBq4ghmAnntj/GUJ18rUrrnrnec=
3,29,v8SM43TtYiLo3uC+l4F2AEddVh4=,mBq4ghmAnntj/GUJ18rUrrnrnec=
2,29,v8SM43TtYiLo3uC+l4F2AEddVh4=,mBq4ghmAnntj/GUJ18rUrrnrnec=
5,29,v8SM43TtYiLo3uC+l4F2AEddVh4=,mBq4ghmAnntj/GUJ18rUrrnrnec=
1,29,v8SM43TtYiLo3uC+l4F2AEddVh4=,mBq4ghmAnntj/GUJ18rUrrnrnec=
0,29,v8SM43TtYiLo3uC+l4F2AEddVh4=,mBq4ghmAnntj/GUJ18rUrrnrnec=
15,16,v8SM43TtYiLo3uC+l4F2AEddVh4=,mBq4ghmAnntj/GUJ18rUrrnrnec=
15,28,v8SM43TtYiLo3uC+l4F2AEddVh4=,mBq4ghmAnntj/GUJ18rUrrnrnec=
14,28,v8SM43TtYiLo3uC+l4F2AEddVh4=,mBq4ghmAnntj/GUJ18rUrrnrnec=
13,28,v8SM43TtYiLo3uC+l4F2AEddVh4=,mBq4ghmAnntj/GUJ18rUrrnrnec=
14,16,v8SM43TtYiLo3uC+l4F2AEddVh4=,mBq4ghmAnntj/GUJ18rUrrnrnec=
12,28,v8SM43TtYiLo3uC+l4F2AEddVh4=,mBq4ghmAnntj/GUJ18rUrrnrnec=
10,28,v8SM43TtYiLo3uC+l4F2AEddVh4=,mBq4ghmAnntj/GUJ18rUrrnrnec=
11,28,v8SM43TtYiLo3uC+l4F2AEddVh4=,mBq4ghmAnntj/GUJ18rUrrnrnec=
7,21,v8SM43TtYiLo3uC+l4F2AEddVh4=,mBq4ghmAnntj/GUJ18rUrrnrnec=
8,28,v8SM43TtYiLo3uC+l4F2AEddVh4=,mBq4ghmAnntj/GUJ18rUrrnrnec=
7,28,v8SM43TtYiLo3uC+l4F2AEddVh4=,mBq4ghmAnntj/GUJ18rUrrnrnec=
8,21,v8SM43TtYiLo3uC+l4F2AEddVh4=,mBq4ghmAnntj/GUJ18rUrrnrnec=
9,28,v8SM43TtYiLo3uC+l4F2AEddVh4=,mBq4ghmAnntj/GUJ18rUrrnrnec=
6,28,v8SM43TtYiLo3uC+l4F2AEddVh4=,mBq4ghmAnntj/GUJ18rUrrnrnec=
9,21,v8SM43TtYiLo3uC+l4F2AEddVh4=,mBq4ghmAnntj/GUJ18rUrrnrnec=
8,19,v8SM43TtYiLo3uC+l4F2AEddVh4=,mBq4ghmAnntj/GUJ18rUrrnrnec=
10,21,v8SM43TtYiLo3uC+l4F2AEddVh4=,mBq4ghmAnntj/GUJ18rUrrnrnec=
11,21,v8SM43TtYiLo3uC+l4F2AEddVh4=,mBq4ghmAnntj/GUJ18rUrrnrnec=
5,28,v8SM43TtYiLo3uC+l4F2AEddVh4=,mBq4ghmAnntj/GUJ18rUrrnrnec=
0,19,v8SM43TtYiLo3uC+l4F2AEddVh4=,mBq4ghmAnntj/GUJ18rUrrnrnec=
4,28,v8SM43TtYiLo3uC+l4F2AEddVh4=,mBq4ghmAnntj/GUJ18rUrrnrnec=
3,28,v8SM43TtYiLo3uC+l4F2AEddVh4=,mBq4ghmAnntj/GUJ18rUrrnrnec=
2,28,v8SM43TtYiLo3uC+l4F2AEddVh4=,mBq4ghmAnntj/GUJ18rUrrnrnec=
1,28,v8SM43TtYiLo3uC+l4F2AEddVh4=,mBq4ghmAnntj/GUJ18rUrrnrnec=
5,17,v8SM43TtYiLo3uC+l4F2AEddVh4=,mBq4ghmAnntj/GUJ18rUrrnrnec=
0,28,v8SM43TtYiLo3uC+l4F2AEddVh4=,mBq4ghmAnntj/GUJ18rUrrnrnec=
12,21,v8SM43TtYiLo3uC+l4F2AEddVh4=,mBq4ghmAnntj/GUJ18rUrrnrnec=
15,27,v8SM43TtYiLo3uC+l4F2AEddVh4=,mBq4ghmAnntj/GUJ18rUrrnrnec=
14,27,v8SM43TtYiLo3uC+l4F2AEddVh4=,mBq4ghmAnntj/GUJ18rUrrnrnec=
13,21,v8SM43TtYiLo3uC+l4F2AEddVh4=,mBq4ghmAnntj/GUJ18rUrrnrnec=
13,27,v8SM43TtYiLo3uC+l4F2AEddVh4=,mBq4ghmAnntj/GUJ18rUrrnrnec=
14,21,v8SM43TtYiLo3uC+l4F2AEddVh4=,mBq4ghmAnntj/GUJ18rUrrnrnec=
7,19,v8SM43TtYiLo3uC+l4F2AEddVh4=,mBq4ghmAnntj/GUJ18rUrrnrnec=
15,21,v8SM43TtYiLo3uC+l4F2AEddVh4=,mBq4ghmAnntj/GUJ18rUrrnrnec=
12,27,v8SM43TtYiLo3uC+l4F2AEddVh4=,mBq4ghmAnntj/GUJ18rUrrnrnec=
11,27,v8SM43TtYiLo3uC+l4F2AEddVh4=,mBq4ghmAnntj/GUJ18rUrrnrnec=
10,27,v8SM43TtYiLo3uC+l4F2AEddVh4=,mBq4ghmAnntj/GUJ18rUrrnrnec=
9,27,v8SM43TtYiLo3uC+l4F2AEddVh4=,mBq4ghmAnntj/GUJ18rUrrnrnec=
0,22,v8SM43TtYiLo3uC+l4F2AEddVh4=,mBq4ghmAnntj/GUJ18rUrrnrnec=
1,22,v8SM43TtYiLo3uC+l4F2AEddVh4=,mBq4ghmAnntj/GUJ18rUrrnrnec=
2,22,v8SM43TtYiLo3uC+l4F2AEddVh4=,mBq4ghmAnntj/GUJ18rUrrnrnec=
14,17,v8SM43TtYiLo3uC+l4F2AEddVh4=,mBq4ghmAnntj/GUJ18rUrrnrnec=
6,16,v8SM43TtYiLo3uC+l4F2AEddVh4=,mBq4ghmAnntj/GUJ18rUrrnrnec=
3,22,v8SM43TtYiLo3uC+l4F2AEddVh4=,mBq4ghmAnntj/GUJ18rUrrnrnec=
4,22,v8SM43TtYiLo3uC+l4F2AEddVh4=,mBq4ghmAnntj/GUJ18rUrrnrnec=
5,22,v8SM43TtYiLo3uC+l4F2AEddVh4=,mBq4ghmAnntj/GUJ18rUrrnrnec=
7,27,v8SM43TtYiLo3uC+l4F2AEddVh4=,mBq4ghmAnntj/GUJ18rUrrnrnec=
6,22,v8SM43TtYiLo3uC+l4F2AEddVh4=,mBq4ghmAnntj/GUJ18rUrrnrnec=
6,27,v8SM43TtYiLo3uC+l4F2AEddVh4=,mBq4ghmAnntj/GUJ18rUrrnrnec=
5,27,v8SM43TtYiLo3uC+l4F2AEddVh4=,mBq4ghmAnntj/GUJ18rUrrnrnec=
4,27,v8SM43TtYiLo3uC+l4F2AEddVh4=,mBq4ghmAnntj/GUJ18rUrrnrnec=
3,27,v8SM43TtYiLo3uC+l4F2AEddVh4=,mBq4ghmAnntj/GUJ18rUrrnrnec=
2,27,v8SM43TtYiLo3uC+l4F2AEddVh4=,mBq4ghmAnntj/GUJ18rUrrnrnec=
1,27,v8SM43TtYiLo3uC+l4F2AEddVh4=,mBq4ghmAnntj/GUJ18rUrrnrnec=
7,22,v8SM43TtYiLo3uC+l4F2AEddVh4=,mBq4ghmAnntj/GUJ18rUrrnrnec=
0,16,v8SM43TtYiLo3uC+l4F2AEddVh4=,mBq4ghmAnntj/GUJ18rUrrnrnec=
7,16,v8SM43TtYiLo3uC+l4F2AEddVh4=,mBq4ghmAnntj/GUJ18rUrrnrnec=
8,16,v8SM43TtYiLo3uC+l4F2AEddVh4=,mBq4ghmAnntj/GUJ18rUrrnrnec=
9,16,v8SM43TtYiLo3uC+l4F2AEddVh4=,mBq4ghmAnntj/GUJ18rUrrnrnec=
8,22,v8SM43TtYiLo3uC+l4F2AEddVh4=,mBq4ghmAnntj/GUJ18rUrrnrnec=
9,22,v8SM43TtYiLo3uC+l4F2AEddVh4=,mBq4ghmAnntj/GUJ18rUrrnrnec=
13,17,v8SM43TtYiLo3uC+l4F2AEddVh4=,mBq4ghmAnntj/GUJ18rUrrnrnec=
0,27,v8SM43TtYiLo3uC+l4F2AEddVh4=,mBq4ghmAnntj/GUJ18rUrrnrnec=
15,26,v8SM43TtYiLo3uC+l4F2AEddVh4=,mBq4ghmAnntj/GUJ18rUrrnrnec=
14,26,v8SM43TtYiLo3uC+l4F2AEddVh4=,mBq4ghmAnntj/GUJ18rUrrnrnec=
6,19,v8SM43TtYiLo3uC+l4F2AEddVh4=,mBq4ghmAnntj/GUJ18rUrrnrnec=
13,16,v8SM43TtYiLo3uC+l4F2AEddVh4=,mBq4ghmAnntj/GUJ18rUrrnrnec=
13,26,v8SM43TtYiLo3uC+l4F2AEddVh4=,mBq4ghmAnntj/GUJ18rUrrnrnec=
12,26,v8SM43TtYiLo3uC+l4F2AEddVh4=,mBq4ghmAnntj/GUJ18rUrrnrnec=
11,26,v8SM43TtYiLo3uC+l4F2AEddVh4=,mBq4ghmAnntj/GUJ18rUrrnrnec=
10,26,v8SM43TtYiLo3uC+l4F2AEddVh4=,mBq4ghmAnntj/GUJ18rUrrnrnec=
9,26,v8SM43TtYiLo3uC+l4F2AEddVh4=,mBq4ghmAnntj/GUJ18rUrrnrnec=
8,26,v8SM43TtYiLo3uC+l4F2AEddVh4=,mBq4ghmAnntj/GUJ18rUrrnrnec=
7,26,v8SM43TtYiLo3uC+l4F2AEddVh4=,mBq4ghmAnntj/GUJ18rUrrnrnec=
6,26,v8SM43TtYiLo3uC+l4F2AEddVh4=,mBq4ghmAnntj/GUJ18rUrrnrnec=
5,26,v8SM43TtYiLo3uC+l4F2AEddVh4=,mBq4ghmAnntj/GUJ18rUrrnrnec=
4,26,v8SM43TtYiLo3uC+l4F2AEddVh4=,mBq4ghmAnntj/GUJ18rUrrnrnec=
3,26,v8SM43TtYiLo3uC+l4F2AEddVh4=,mBq4ghmAnntj/GUJ18rUrrnrnec=
2,26,v8SM43TtYiLo3uC+l4F2AEddVh4=,mBq4ghmAnntj/GUJ18rUrrnrnec=
12,17,v8SM43TtYiLo3uC+l4F2AEddVh4=,mBq4ghmAnntj/GUJ18rUrrnrnec=
10,22,v8SM43TtYiLo3uC+l4F2AEddVh4=,mBq4ghmAnntj/GUJ18rUrrnrnec=
1,26,v8SM43TtYiLo3uC+l4F2AEddVh4=,mBq4ghmAnntj/GUJ18rUrrnrnec=
0,26,v8SM43TtYiLo3uC+l4F2AEddVh4=,mBq4ghmAnntj/GUJ18rUrrnrnec=
15,25,v8SM43TtYiLo3uC+l4F2AEddVh4=,mBq4ghmAnntj/GUJ18rUrrnrnec=
1,16,v8SM43TtYiLo3uC+l4F2AEddVh4=,mBq4ghmAnntj/GUJ18rUrrnrnec=
1,19,v8SM43TtYiLo3uC+l4F2AEddVh4=,mBq4ghmAnntj/GUJ18rUrrnrnec=
14,25,v8SM43TtYiLo3uC+l4F2AEddVh4=,mBq4ghmAnntj/GUJ18rUrrnrnec=
8,27,v8SM43TtYiLo3uC+l4F2AEddVh4=,mBq4ghmAnntj/GUJ18rUrrnrnec=
13,25,v8SM43TtYiLo3uC+l4F2AEddVh4=,mBq4ghmAnntj/GUJ18rUrrnrnec=
5,19,v8SM43TtYiLo3uC+l4F2AEddVh4=,mBq4ghmAnntj/GUJ18rUrrnrnec=
12,25,v8SM43TtYiLo3uC+l4F2AEddVh4=,mBq4ghmAnntj/GUJ18rUrrnrnec=
11,25,v8SM43TtYiLo3uC+l4F2AEddVh4=,mBq4ghmAnntj/GUJ18rUrrnrnec=
10,25,v8SM43TtYiLo3uC+l4F2AEddVh4=,mBq4ghmAnntj/GUJ18rUrrnrnec=
8,25,v8SM43TtYiLo3uC+l4F2AEddVh4=,mBq4ghmAnntj/GUJ18rUrrnrnec=
7,25,v8SM43TtYiLo3uC+l4F2AEddVh4=,mBq4ghmAnntj/GUJ18rUrrnrnec=
6,25,v8SM43TtYiLo3uC+l4F2AEddVh4=,mBq4ghmAnntj/GUJ18rUrrnrnec=
9,25,v8SM43TtYiLo3uC+l4F2AEddVh4=,mBq4ghmAnntj/GUJ18rUrrnrnec=
5,25,v8SM43TtYiLo3uC+l4F2AEddVh4=,mBq4ghmAnntj/GUJ18rUrrnrnec=
4,25,v8SM43TtYiLo3uC+l4F2AEddVh4=,mBq4ghmAnntj/GUJ18rUrrnrnec=
3,25,v8SM43TtYiLo3uC+l4F2AEddVh4=,mBq4ghmAnntj/GUJ18rUrrnrnec=
2,25,v8SM43TtYiLo3uC+l4F2AEddVh4=,mBq4ghmAnntj/GUJ18rUrrnrnec=
1,25,v8SM43TtYiLo3uC+l4F2AEddVh4=,mBq4ghmAnntj/GUJ18rUrrnrnec=
0,25,v8SM43TtYiLo3uC+l4F2AEddVh4=,mBq4ghmAnntj/GUJ18rUrrnrnec=
15,24,v8SM43TtYiLo3uC+l4F2AEddVh4=,mBq4ghmAnntj/GUJ18rUrrnrnec=
12,16,v8SM43TtYiLo3uC+l4F2AEddVh4=,mBq4ghmAnntj/GUJ18rUrrnrnec=
11,16,v8SM43TtYiLo3uC+l4F2AEddVh4=,mBq4ghmAnntj/GUJ18rUrrnrnec=
11,22,v8SM43TtYiLo3uC+l4F2AEddVh4=,mBq4ghmAnntj/GUJ18rUrrnrnec=
13,24,v8SM43TtYiLo3uC+l4F2AEddVh4=,mBq4ghmAnntj/GUJ18rUrrnrnec=
12,22,v8SM43TtYiLo3uC+l4F2AEddVh4=,mBq4ghmAnntj/GUJ18rUrrnrnec=
2,19,v8SM43TtYiLo3uC+l4F2AEddVh4=,mBq4ghmAnntj/GUJ18rUrrnrnec=
14,24,v8SM43TtYiLo3uC+l4F2AEddVh4=,mBq4ghmAnntj/GUJ18rUrrnrnec=
11,24,v8SM43TtYiLo3uC+l4F2AEddVh4=,mBq4ghmAnntj/GUJ18rUrrnrnec=
13,22,v8SM43TtYiLo3uC+l4F2AEddVh4=,mBq4ghmAnntj/GUJ18rUrrnrnec=
10,24,v8SM43TtYiLo3uC+l4F2AEddVh4=,mBq4ghmAnntj/GUJ18rUrrnrnec=
6,17,v8SM43TtYiLo3uC+l4F2AEddVh4=,mBq4ghmAnntj/GUJ18rUrrnrnec=
3,19,v8SM43TtYiLo3uC+l4F2AEddVh4=,mBq4ghmAnntj/GUJ18rUrrnrnec=
14,22,v8SM43TtYiLo3uC+l4F2AEddVh4=,mBq4ghmAnntj/GUJ18rUrrnrnec=
12,24,v8SM43TtYiLo3uC+l4F2AEddVh4=,mBq4ghmAnntj/GUJ18rUrrnrnec=
15,22,v8SM43TtYiLo3uC+l4F2AEddVh4=,mBq4ghmAnntj/GUJ18rUrrnrnec=
0,23,v8SM43TtYiLo3uC+l4F2AEddVh4=,mBq4ghmAnntj/GUJ18rUrrnrnec=
8,24,v8SM43TtYiLo3uC+l4F2AEddVh4=,mBq4ghmAnntj/GUJ18rUrrnrnec=
7,17,v8SM43TtYiLo3uC+l4F2AEddVh4=,mBq4ghmAnntj/GUJ18rUrrnrnec=
1,23,v8SM43TtYiLo3uC+l4F2AEddVh4=,mBq4ghmAnntj/GUJ18rUrrnrnec=
7,24,v8SM43TtYiLo3uC+l4F2AEddVh4=,mBq4ghmAnntj/GUJ18rUrrnrnec=
8,17,v8SM43TtYiLo3uC+l4F2AEddVh4=,mBq4ghmAnntj/GUJ18rUrrnrnec=
6,24,v8SM43TtYiLo3uC+l4F2AEddVh4=,mBq4ghmAnntj/GUJ18rUrrnrnec=
2,23,v8SM43TtYiLo3uC+l4F2AEddVh4=,mBq4ghmAnntj/GUJ18rUrrnrnec=
3,23,v8SM43TtYiLo3uC+l4F2AEddVh4=,mBq4ghmAnntj/GUJ18rUrrnrnec=
5,24,v8SM43TtYiLo3uC+l4F2AEddVh4=,mBq4ghmAnntj/GUJ18rUrrnrnec=
10,16,v8SM43TtYiLo3uC+l4F2AEddVh4=,mBq4ghmAnntj/GUJ18rUrrnrnec=
4,24,v8SM43TtYiLo3uC+l4F2AEddVh4=,mBq4ghmAnntj/GUJ18rUrrnrnec=
4,23,v8SM43TtYiLo3uC+l4F2AEddVh4=,mBq4ghmAnntj/GUJ18rUrrnrnec=
5,23,v8SM43TtYiLo3uC+l4F2AEddVh4=,mBq4ghmAnntj/GUJ18rUrrnrnec=
3,24,v8SM43TtYiLo3uC+l4F2AEddVh4=,mBq4ghmAnntj/GUJ18rUrrnrnec=
9,24,v8SM43TtYiLo3uC+l4F2AEddVh4=,mBq4ghmAnntj/GUJ18rUrrnrnec=
6,23,v8SM43TtYiLo3uC+l4F2AEddVh4=,mBq4ghmAnntj/GUJ18rUrrnrnec=
7,23,v8SM43TtYiLo3uC+l4F2AEddVh4=,mBq4ghmAnntj/GUJ18rUrrnrnec=
8,23,v8SM43TtYiLo3uC+l4F2AEddVh4=,mBq4ghmAnntj/GUJ18rUrrnrnec=
11,17,v8SM43TtYiLo3uC+l4F2AEddVh4=,mBq4ghmAnntj/GUJ18rUrrnrnec=
2,24,v8SM43TtYiLo3uC+l4F2AEddVh4=,mBq4ghmAnntj/GUJ18rUrrnrnec=
9,23,v8SM43TtYiLo3uC+l4F2AEddVh4=,mBq4ghmAnntj/GUJ18rUrrnrnec=
4,19,v8SM43TtYiLo3uC+l4F2AEddVh4=,mBq4ghmAnntj/GUJ18rUrrnrnec=
0,24,v8SM43TtYiLo3uC+l4F2AEddVh4=,mBq4ghmAnntj/GUJ18rUrrnrnec=
10,23,v8SM43TtYiLo3uC+l4F2AEddVh4=,mBq4ghmAnntj/GUJ18rUrrnrnec=
15,23,v8SM43TtYiLo3uC+l4F2AEddVh4=,mBq4ghmAnntj/GUJ18rUrrnrnec=
14,23,v8SM43TtYiLo3uC+l4F2AEddVh4=,mBq4ghmAnntj/GUJ18rUrrnrnec=
9,17,v8SM43TtYiLo3uC+l4F2AEddVh4=,mBq4ghmAnntj/GUJ18rUrrnrnec=
13,23,v8SM43TtYiLo3uC+l4F2AEddVh4=,mBq4ghmAnntj/GUJ18rUrrnrnec=
12,23,v8SM43TtYiLo3uC+l4F2AEddVh4=,mBq4ghmAnntj/GUJ18rUrrnrnec=
11,23,v8SM43TtYiLo3uC+l4F2AEddVh4=,mBq4ghmAnntj/GUJ18rUrrnrnec=
1,24,v8SM43TtYiLo3uC+l4F2AEddVh4=,mBq4ghmAnntj/GUJ18rUrrnrnec=
10,17,v8SM43TtYiLo3uC+l4F2AEddVh4=,mBq4ghmAnntj/GUJ18rUrrnrnec=
18,18,6NCuoTmrHn6K2Qx4//vFewVNNTA=,hmOzLj6//MgHfroiy6ylfPUZHuw=
30,31,6NCuoTmrHn6K2Qx4//vFewVNNTA=,hmOzLj6//MgHfroiy6ylfPUZHuw=
29,31,6NCuoTmrHn6K2Qx4//vFewVNNTA=,hmOzLj6//MgHfroiy6ylfPUZHuw=
31,25,6NCuoTmrHn6K2Qx4//vFewVNNTA=,hmOzLj6//MgHfroiy6ylfPUZHuw=
27,31,6NCuoTmrHn6K2Qx4//vFewVNNTA=,hmOzLj6//MgHfroiy6ylfPUZHuw=
26,31,6NCuoTmrHn6K2Qx4//vFewVNNTA=,hmOzLj6//MgHfroiy6ylfPUZHuw=
17,18,6NCuoTmrHn6K2Qx4//vFewVNNTA=,hmOzLj6//MgHfroiy6ylfPUZHuw=
25,31,6NCuoTmrHn6K2Qx4//vFewVNNTA=,hmOzLj6//MgHfroiy6ylfPUZHuw=
24,31,6NCuoTmrHn6K2Qx4//vFewVNNTA=,hmOzLj6//MgHfroiy6ylfPUZHuw=
23,31,6NCuoTmrHn6K2Qx4//vFewVNNTA=,hmOzLj6//MgHfroiy6ylfPUZHuw=
22,31,6NCuoTmrHn6K2Qx4//vFewVNNTA=,hmOzLj6//MgHfroiy6ylfPUZHuw=
21,31,6NCuoTmrHn6K2Qx4//vFewVNNTA=,hmOzLj6//MgHfroiy6ylfPUZHuw=
20,31,6NCuoTmrHn6K2Qx4//vFewVNNTA=,hmOzLj6//MgHfroiy6ylfPUZHuw=
19,31,6NCuoTmrHn6K2Qx4//vFewVNNTA=,hmOzLj6//MgHfroiy6ylfPUZHuw=
18,31,6NCuoTmrHn6K2Qx4//vFewVNNTA=,hmOzLj6//MgHfroiy6ylfPUZHuw=
17,31,6NCuoTmrHn6K2Qx4//vFewVNNTA=,hmOzLj6//MgHfroiy6ylfPUZHuw=
28,31,6NCuoTmrHn6K2Qx4//vFewVNNTA=,hmOzLj6//MgHfroiy6ylfPUZHuw=
30,25,6NCuoTmrHn6K2Qx4//vFewVNNTA=,hmOzLj6//MgHfroiy6ylfPUZHuw=
19,17,6NCuoTmrHn6K2Qx4//vFewVNNTA=,hmOzLj6//MgHfroiy6ylfPUZHuw=
29,25,6NCuoTmrHn6K2Qx4//vFewVNNTA=,hmOzLj6//MgHfroiy6ylfPUZHuw=
16,31,6NCuoTmrHn6K2Qx4//vFewVNNTA=,hmOzLj6//MgHfroiy6ylfPUZHuw=
28,25,6NCuoTmrHn6K2Qx4//vFewVNNTA=,hmOzLj6//MgHfroiy6ylfPUZHuw=
31,31,6NCuoTmrHn6K2Qx4//vFewVNNTA=,hmOzLj6//MgHfroiy6ylfPUZHuw=
27,25,6NCuoTmrHn6K2Qx4//vFewVNNTA=,hmOzLj6//MgHfroiy6ylfPUZHuw=
26,25,6NCuoTmrHn6K2Qx4//vFewVNNTA=,hmOzLj6//MgHfroiy6ylfPUZHuw=
25,25,6NCuoTmrHn6K2Qx4//vFewVNNTA=,hmOzLj6//MgHfroiy6ylfPUZHuw=
24,25,6NCuoTmrHn6K2Qx4//vFewVNNTA=,hmOzLj6//MgHfroiy6ylfPUZHuw=
20,25,6NCuoTmrHn6K2Qx4//vFewVNNTA=,hmOzLj6//MgHfroiy6ylfPUZHuw=
23,25,6NCuoTmrHn6K2Qx4//vFewVNNTA=,hmOzLj6//MgHfroiy6ylfPUZHuw=
19,25,6NCuoTmrHn6K2Qx4//vFewVNNTA=,hmOzLj6//MgHfroiy6ylfPUZHuw=
18,25,6NCuoTmrHn6K2Qx4//vFewVNNTA=,hmOzLj6//MgHfroiy6ylfPUZHuw=
22,25,6NCuoTmrHn6K2Qx4//vFewVNNTA=,hmOzLj6//MgHfroiy6ylfPUZHuw=
17,25,6NCuoTmrHn6K2Qx4//vFewVNNTA=,hmOzLj6//MgHfroiy6ylfPUZHuw=
21,25,6NCuoTmrHn6K2Qx4//vFewVNNTA=,hmOzLj6//MgHfroiy6ylfPUZHuw=
16,18,6NCuoTmrHn6K2Qx4//vFewVNNTA=,hmOzLj6//MgHfroiy6ylfPUZHuw=
16,25,6NCuoTmrHn6K2Qx4//vFewVNNTA=,hmOzLj6//MgHfroiy6ylfPUZHuw=
31,30,6NCuoTmrHn6K2Qx4//vFewVNNTA=,hmOzLj6//MgHfroiy6ylfPUZHuw=
30,30,6NCuoTmrHn6K2Qx4//vFewVNNTA=,hmOzLj6//MgHfroiy6ylfPUZHuw=
29,30,6NCuoTmrHn6K2Qx4//vFewVNNTA=,hmOzLj6//MgHfroiy6ylfPUZHuw=
25,30,6NCuoTmrHn6K2Qx4//vFewVNNTA=,hmOzLj6//MgHfroiy6ylfPUZHuw=
24,30,6NCuoTmrHn6K2Qx4//vFewVNNTA=,hmOzLj6//MgHfroiy6ylfPUZHuw=
23,30,6NCuoTmrHn6K2Qx4//vFewVNNTA=,hmOzLj6//MgHfroiy6ylfPUZHuw=
28,30,6NCuoTmrHn6K2Qx4//vFewVNNTA=,hmOzLj6//MgHfroiy6ylfPUZHuw=
22,30,6NCuoTmrHn6K2Qx4//vFewVNNTA=,hmOzLj6//MgHfroiy6ylfPUZHuw=
26,30,6NCuoTmrHn6K2Qx4//vFewVNNTA=,hmOzLj6//MgHfroiy6ylfPUZHuw=
19,30,6NCuoTmrHn6K2Qx4//vFewVNNTA=,hmOzLj6//MgHfroiy6ylfPUZHuw=
27,30,6NCuoTmrHn6K2Qx4//vFewVNNTA=,hmOzLj6//MgHfroiy6ylfPUZHuw=
18,30,6NCuoTmrHn6K2Qx4//vFewVNNTA=,hmOzLj6//MgHfroiy6ylfPUZHuw=
17,30,6NCuoTmrHn6K2Qx4//vFewVNNTA=,hmOzLj6//MgHfroiy6ylfPUZHuw=
16,30,6NCuoTmrHn6K2Qx4//vFewVNNTA=,hmOzLj6//MgHfroiy6ylfPUZHuw=
26,16,6NCuoTmrHn6K2Qx4//vFewVNNTA=,hmOzLj6//MgHfroiy6ylfPUZHuw=
21,30,6NCuoTmrHn6K2Qx4//vFewVNNTA=,hmOzLj6//MgHfroiy6ylfPUZHuw=
20,30,6NCuoTmrHn6K2Qx4//vFewVNNTA=,hmOzLj6//MgHfroiy6ylfPUZHuw=
31,29,6NCuoTmrHn6K2Qx4//vFewVNNTA=,hmOzLj6//MgHfroiy6ylfPUZHuw=
17,16,6NCuoTmrHn6K2Qx4//vFewVNNTA=,hmOzLj6//MgHfroiy6ylfPUZHuw=
31,24,6NCuoTmrHn6K2Qx4//vFewVNNTA=,hmOzLj6//MgHfroiy6ylfPUZHuw=
30,29,6NCuoTmrHn6K2Qx4//vFewVNNTA=,hmOzLj6//MgHfroiy6ylfPUZHuw=
26,29,6NCuoTmrHn6K2Qx4//vFewVNNTA=,hmOzLj6//MgHfroiy6ylfPUZHuw=
27,29,6NCuoTmrHn6K2Qx4//vFewVNNTA=,hmOzLj6//MgHfroiy6ylfPUZHuw=
24,29,6NCuoTmrHn6K2Qx4//vFewVNNTA=,hmOzLj6//MgHfroiy6ylfPUZHuw=
23,29,6NCuoTmrHn6K2Qx4//vFewVNNTA=,hmOzLj6//MgHfroiy6ylfPUZHuw=
28,29,6NCuoTmrHn6K2Qx4//vFewVNNTA=,hmOzLj6//MgHfroiy6ylfPUZHuw=
29,29,6NCuoTmrHn6K2Qx4//vFewVNNTA=,hmOzLj6//MgHfroiy6ylfPUZHuw=
22,29,6NCuoTmrHn6K2Qx4//vFewVNNTA=,hmOzLj6//MgHfroiy6ylfPUZHuw=
21,29,6NCuoTmrHn6K2Qx4//vFewVNNTA=,hmOzLj6//MgHfroiy6ylfPUZHuw=
19,29,6NCuoTmrHn6K2Qx4//vFewVNNTA=,hmOzLj6//MgHfroiy6ylfPUZHuw=
18,29,6NCuoTmrHn6K2Qx4//vFewVNNTA=,hmOzLj6//MgHfroiy6ylfPUZHuw=
17,29,6NCuoTmrHn6K2Qx4//vFewVNNTA=,hmOzLj6//MgHfroiy6ylfPUZHuw=
31,17,6NCuoTmrHn6K2Qx4//vFewVNNTA=,hmOzLj6//MgHfroiy6ylfPUZHuw=
16,29,6NCuoTmrHn6K2Qx4//vFewVNNTA=,hmOzLj6//MgHfroiy6ylfPUZHuw=
25,29,6NCuoTmrHn6K2Qx4//vFewVNNTA=,hmOzLj6//MgHfroiy6ylfPUZHuw=
20,29,6NCuoTmrHn6K2Qx4//vFewVNNTA=,hmOzLj6//MgHfroiy6ylfPUZHuw=
31,28,6NCuoTmrHn6K2Qx4//vFewVNNTA=,hmOzLj6//MgHfroiy6ylfPUZHuw=
29,28,6NCuoTmrHn6K2Qx4//vFewVNNTA=,hmOzLj6//MgHfroiy6ylfPUZHuw=
30,17,6NCuoTmrHn6K2Qx4//vFewVNNTA=,hmOzLj6//MgHfroiy6ylfPUZHuw=
30,28,6NCuoTmrHn6K2Qx4//vFewVNNTA=,hmOzLj6//MgHfroiy6ylfPUZHuw=
30,24,6NCuoTmrHn6K2Qx4//vFewVNNTA=,hmOzLj6//MgHfroiy6ylfPUZHuw=
25,28,6NCuoTmrHn6K2Qx4//vFewVNNTA=,hmOzLj6//MgHfroiy6ylfPUZHuw=
26,28,6NCuoTmrHn6K2Qx4//vFewVNNTA=,hmOzLj6//MgHfroiy6ylfPUZHuw=
27,28,6NCuoTmrHn6K2Qx4//vFewVNNTA=,hmOzLj6//MgHfroiy6ylfPUZHuw=
28,28,6NCuoTmrHn6K2Qx4//vFewVNNTA=,hmOzLj6//MgHfroiy6ylfPUZHuw=
23,28,6NCuoTmrHn6K2Qx4//vFewVNNTA=,hmOzLj6//MgHfroiy6ylfPUZHuw=
21,28,6NCuoTmrHn6K2Qx4//vFewVNNTA=,hmOzLj6//MgHfroiy6ylfPUZHuw=
19,28,6NCuoTmrHn6K2Qx4//vFewVNNTA=,hmOzLj6//MgHfroiy6ylfPUZHuw=
18,28,6NCuoTmrHn6K2Qx4//vFewVNNTA=,hmOzLj6//MgHfroiy6ylfPUZHuw=
17,28,6NCuoTmrHn6K2Qx4//vFewVNNTA=,hmOzLj6//MgHfroiy6ylfPUZHuw=
20,28,6NCuoTmrHn6K2Qx4//vFewVNNTA=,hmOzLj6//MgHfroiy6ylfPUZHuw=
24,28,6NCuoTmrHn6K2Qx4//vFewVNNTA=,hmOzLj6//MgHfroiy6ylfPUZHuw=
16,28,6NCuoTmrHn6K2Qx4//vFewVNNTA=,hmOzLj6//MgHfroiy6ylfPUZHuw=
22,28,6NCuoTmrHn6K2Qx4//vFewVNNTA=,hmOzLj6//MgHfroiy6ylfPUZHuw=
30,27,6NCuoTmrHn6K2Qx4//vFewVNNTA=,hmOzLj6//MgHfroiy6ylfPUZHuw=
29,17,6NCuoTmrHn6K2Qx4//vFewVNNTA=,hmOzLj6//MgHfroiy6ylfPUZHuw=
27,27,6NCuoTmrHn6K2Qx4//vFewVNNTA=,hmOzLj6//MgHfroiy6ylfPUZHuw=
31,27,6NCuoTmrHn6K2Qx4//vFewVNNTA=,hmOzLj6//MgHfroiy6ylfPUZHuw=
29,24,6NCuoTmrHn6K2Qx4//vFewVNNTA=,hmOzLj6//MgHfroiy6ylfPUZHuw=
26,27,6NCuoTmrHn6K2Qx4//vFewVNNTA=,hmOzLj6//MgHfroiy6ylfPUZHuw=
25,27,6NCuoTmrHn6K2Qx4//vFewVNNTA=,hmOzLj6//MgHfroiy6ylfPUZHuw=
24,27,6NCuoTmrHn6K2Qx4//vFewVNNTA=,hmOzLj6//MgHfroiy6ylfPUZHuw=
22,27,6NCuoTmrHn6K2Qx4//vFewVNNTA=,hmOzLj6//MgHfroiy6ylfPUZHuw=
23,27,6NCuoTmrHn6K2Qx4//vFewVNNTA=,hmOzLj6//MgHfroiy6ylfPUZHuw=
20,27,6NCuoTmrHn6K2Qx4//vFewVNNTA=,hmOzLj6//MgHfroiy6ylfPUZHuw=
19,27,6NCuoTmrHn6K2Qx4//vFewVNNTA=,hmOzLj6//MgHfroiy6ylfPUZHuw=
18,27,6NCuoTmrHn6K2Qx4//vFewVNNTA=,hmOzLj6//MgHfroiy6ylfPUZHuw=
17,27,6NCuoTmrHn6K2Qx4//vFewVNNTA=,hmOzLj6//MgHfroiy6ylfPUZHuw=
16,27,6NCuoTmrHn6K2Qx4//vFewVNNTA=,hmOzLj6//MgHfroiy6ylfPUZHuw=
31,26,6NCuoTmrHn6K2Qx4//vFewVNNTA=,hmOzLj6//MgHfroiy6ylfPUZHuw=
30,26,6NCuoTmrHn6K2Qx4//vFewVNNTA=,hmOzLj6//MgHfroiy6ylfPUZHuw=
29,26,6NCuoTmrHn6K2Qx4//vFewVNNTA=,hmOzLj6//MgHfroiy6ylfPUZHuw=
28,26,6NCuoTmrHn6K2Qx4//vFewVNNTA=,hmOzLj6//MgHfroiy6ylfPUZHuw=
27,26,6NCuoTmrHn6K2Qx4//vFewVNNTA=,hmOzLj6//MgHfroiy6ylfPUZHuw=
28,17,6NCuoTmrHn6K2Qx4//vFewVNNTA=,hmOzLj6//MgHfroiy6ylfPUZHuw=
21,27,6NCuoTmrHn6K2Qx4//vFewVNNTA=,hmOzLj6//MgHfroiy6ylfPUZHuw=
28,24,6NCuoTmrHn6K2Qx4//vFewVNNTA=,hmOzLj6//MgHfroiy6ylfPUZHuw=
25,26,6NCuoTmrHn6K2Qx4//vFewVNNTA=,hmOzLj6//MgHfroiy6ylfPUZHuw=
28,27,6NCuoTmrHn6K2Qx4//vFewVNNTA=,hmOzLj6//MgHfroiy6ylfPUZHuw=
24,26,6NCuoTmrHn6K2Qx4//vFewVNNTA=,hmOzLj6//MgHfroiy6ylfPUZHuw=
23,26,6NCuoTmrHn6K2Qx4//vFewVNNTA=,hmOzLj6//MgHfroiy6ylfPUZHuw=
29,27,6NCuoTmrHn6K2Qx4//vFewVNNTA=,hmOzLj6//MgHfroiy6ylfPUZHuw=
22,26,6NCuoTmrHn6K2Qx4//vFewVNNTA=,hmOzLj6//MgHfroiy6ylfPUZHuw=
19,26,6NCuoTmrHn6K2Qx4//vFewVNNTA=,hmOzLj6//MgHfroiy6ylfPUZHuw=
18,26,6NCuoTmrHn6K2Qx4//vFewVNNTA=,hmOzLj6//MgHfroiy6ylfPUZHuw=
20,26,6NCuoTmrHn6K2Qx4//vFewVNNTA=,hmOzLj6//MgHfroiy6ylfPUZHuw=
17,26,6NCuoTmrHn6K2Qx4//vFewVNNTA=,hmOzLj6//MgHfroiy6ylfPUZHuw=
21,26,6NCuoTmrHn6K2Qx4//vFewVNNTA=,hmOzLj6//MgHfroiy6ylfPUZHuw=
16,26,6NCuoTmrHn6K2Qx4//vFewVNNTA=,hmOzLj6//MgHfroiy6ylfPUZHuw=
18,17,6NCuoTmrHn6K2Qx4//vFewVNNTA=,hmOzLj6//MgHfroiy6ylfPUZHuw=
27,24,6NCuoTmrHn6K2Qx4//vFewVNNTA=,hmOzLj6//MgHfroiy6ylfPUZHuw=
26,24,6NCuoTmrHn6K2Qx4//vFewVNNTA=,hmOzLj6//MgHfroiy6ylfPUZHuw=
24,24,6NCuoTmrHn6K2Qx4//vFewVNNTA=,hmOzLj6//MgHfroiy6ylfPUZHuw=
27,17,6NCuoTmrHn6K2Qx4//vFewVNNTA=,hmOzLj6//MgHfroiy6ylfPUZHuw=
25,24,6NCuoTmrHn6K2Qx4//vFewVNNTA=,hmOzLj6//MgHfroiy6ylfPUZHuw=
20,24,6NCuoTmrHn6K2Qx4//vFewVNNTA=,hmOzLj6//MgHfroiy6ylfPUZHuw=
23,24,6NCuoTmrHn6K2Qx4//vFewVNNTA=,hmOzLj6//MgHfroiy6ylfPUZHuw=
18,24,6NCuoTmrHn6K2Qx4//vFewVNNTA=,hmOzLj6//MgHfroiy6ylfPUZHuw=
22,24,6NCuoTmrHn6K2Qx4//vFewVNNTA=,hmOzLj6//MgHfroiy6ylfPUZHuw=
21,24,6NCuoTmrHn6K2Qx4//vFewVNNTA=,hmOzLj6//MgHfroiy6ylfPUZHuw=
17,24,6NCuoTmrHn6K2Qx4//vFewVNNTA=,hmOzLj6//MgHfroiy6ylfPUZHuw=
26,26,6NCuoTmrHn6K2Qx4//vFewVNNTA=,hmOzLj6//MgHfroiy6ylfPUZHuw=
30,23,6NCuoTmrHn6K2Qx4//vFewVNNTA=,hmOzLj6//MgHfroiy6ylfPUZHuw=
16,24,6NCuoTmrHn6K2Qx4//vFewVNNTA=,hmOzLj6//MgHfroiy6ylfPUZHuw=
29,23,6NCuoTmrHn6K2Qx4//vFewVNNTA=,hmOzLj6//MgHfroiy6ylfPUZHuw=
25,16,6NCuoTmrHn6K2Qx4//vFewVNNTA=,hmOzLj6//MgHfroiy6ylfPUZHuw=
28,23,6NCuoTmrHn6K2Qx4//vFewVNNTA=,hmOzLj6//MgHfroiy6ylfPUZHuw=
27,23,6NCuoTmrHn6K2Qx4//vFewVNNTA=,hmOzLj6//MgHfroiy6ylfPUZHuw=
17,17,6NCuoTmrHn6K2Qx4//vFewVNNTA=,hmOzLj6//MgHfroiy6ylfPUZHuw=
26,23,6NCuoTmrHn6K2Qx4//vFewVNNTA=,hmOzLj6//MgHfroiy6ylfPUZHuw=
24,23,6NCuoTmrHn6K2Qx4//vFewVNNTA=,hmOzLj6//MgHfroiy6ylfPUZHuw=
23,23,6NCuoTmrHn6K2Qx4//vFewVNNTA=,hmOzLj6//MgHfroiy6ylfPUZHuw=
31,23,6NCuoTmrHn6K2Qx4//vFewVNNTA=,hmOzLj6//MgHfroiy6ylfPUZHuw=
27,16,6NCuoTmrHn6K2Qx4//vFewVNNTA=,hmOzLj6//MgHfroiy6ylfPUZHuw=
25,23,6NCuoTmrHn6K2Qx4//vFewVNNTA=,hmOzLj6//MgHfroiy6ylfPUZHuw=
19,18,6NCuoTmrHn6K2Qx4//vFewVNNTA=,hmOzLj6//MgHfroiy6ylfPUZHuw=
20,18,6NCuoTmrHn6K2Qx4//vFewVNNTA=,hmOzLj6//MgHfroiy6ylfPUZHuw=
18,16,6NCuoTmrHn6K2Qx4//vFewVNNTA=,hmOzLj6//MgHfroiy6ylfPUZHuw=
20,17,6NCuoTmrHn6K2Qx4//vFewVNNTA=,hmOzLj6//MgHfroiy6ylfPUZHuw=
21,18,6NCuoTmrHn6K2Qx4//vFewVNNTA=,hmOzLj6//MgHfroiy6ylfPUZHuw=
19,16,6NCuoTmrHn6K2Qx4//vFewVNNTA=,hmOzLj6//MgHfroiy6ylfPUZHuw=
22,18,6NCuoTmrHn6K2Qx4//vFewVNNTA=,hmOzLj6//MgHfroiy6ylfPUZHuw=
23,18,6NCuoTmrHn6K2Qx4//vFewVNNTA=,hmOzLj6//MgHfroiy6ylfPUZHuw=
24,18,6NCuoTmrHn6K2Qx4//vFewVNNTA=,hmOzLj6//MgHfroiy6ylfPUZHuw=
25,18,6NCuoTmrHn6K2Qx4//vFewVNNTA=,hmOzLj6//MgHfroiy6ylfPUZHuw=
26,18,6NCuoTmrHn6K2Qx4//vFewVNNTA=,hmOzLj6//MgHfroiy6ylfPUZHuw=
28,18,6NCuoTmrHn6K2Qx4//vFewVNNTA=,hmOzLj6//MgHfroiy6ylfPUZHuw=
29,18,6NCuoTmrHn6K2Qx4//vFewVNNTA=,hmOzLj6//MgHfroiy6ylfPUZHuw=
30,18,6NCuoTmrHn6K2Qx4//vFewVNNTA=,hmOzLj6//MgHfroiy6ylfPUZHuw=
31,18,6NCuoTmrHn6K2Qx4//vFewVNNTA=,hmOzLj6//MgHfroiy6ylfPUZHuw=
16,19,6NCuoTmrHn6K2Qx4//vFewVNNTA=,hmOzLj6//MgHfroiy6ylfPUZHuw=
17,19,6NCuoTmrHn6K2Qx4//vFewVNNTA=,hmOzLj6//MgHfroiy6ylfPUZHuw=
28,16,6NCuoTmrHn6K2Qx4//vFewVNNTA=,hmOzLj6//MgHfroiy6ylfPUZHuw=
27,18,6NCuoTmrHn6K2Qx4//vFewVNNTA=,hmOzLj6//MgHfroiy6ylfPUZHuw=
18,19,6NCuoTmrHn6K2Qx4//vFewVNNTA=,hmOzLj6//MgHfroiy6ylfPUZHuw=
20,16,6NCuoTmrHn6K2Qx4//vFewVNNTA=,hmOzLj6//MgHfroiy6ylfPUZHuw=
19,19,6NCuoTmrHn6K2Qx4//vFewVNNTA=,hmOzLj6//MgHfroiy6ylfPUZHuw=
20,19,6NCuoTmrHn6K2Qx4//vFewVNNTA=,hmOzLj6//MgHfroiy6ylfPUZHuw=
21,19,6NCuoTmrHn6K2Qx4//vFewVNNTA=,hmOzLj6//MgHfroiy6ylfPUZHuw=
21,17,6NCuoTmrHn6K2Qx4//vFewVNNTA=,hmOzLj6//MgHfroiy6ylfPUZHuw=
23,19,6NCuoTmrHn6K2Qx4//vFewVNNTA=,hmOzLj6//MgHfroiy6ylfPUZHuw=
24,19,6NCuoTmrHn6K2Qx4//vFewVNNTA=,hmOzLj6//MgHfroiy6ylfPUZHuw=
25,19,6NCuoTmrHn6K2Qx4//vFewVNNTA=,hmOzLj6//MgHfroiy6ylfPUZHuw=
26,19,6NCuoTmrHn6K2Qx4//vFewVNNTA=,hmOzLj6//MgHfroiy6ylfPUZHuw=
27,19,6NCuoTmrHn6K2Qx4//vFewVNNTA=,hmOzLj6//MgHfroiy6ylfPUZHuw=
28,19,6NCuoTmrHn6K2Qx4//vFewVNNTA=,hmOzLj6//MgHfroiy6ylfPUZHuw=
29,19,6NCuoTmrHn6K2Qx4//vFewVNNTA=,hmOzLj6//MgHfroiy6ylfPUZHuw=
30,19,6NCuoTmrHn6K2Qx4//vFewVNNTA=,hmOzLj6//MgHfroiy6ylfPUZHuw=
31,19,6NCuoTmrHn6K2Qx4//vFewVNNTA=,hmOzLj6//MgHfroiy6ylfPUZHuw=
16,20,6NCuoTmrHn6K2Qx4//vFewVNNTA=,hmOzLj6//MgHfroiy6ylfPUZHuw=
22,17,6NCuoTmrHn6K2Qx4//vFewVNNTA=,hmOzLj6//MgHfroiy6ylfPUZHuw=
29,16,6NCuoTmrHn6K2Qx4//vFewVNNTA=,hmOzLj6//MgHfroiy6ylfPUZHuw=
21,16,6NCuoTmrHn6K2Qx4//vFewVNNTA=,hmOzLj6//MgHfroiy6ylfPUZHuw=
17,20,6NCuoTmrHn6K2Qx4//vFewVNNTA=,hmOzLj6//MgHfroiy6ylfPUZHuw=
18,20,6NCuoTmrHn6K2Qx4//vFewVNNTA=,hmOzLj6//MgHfroiy6ylfPUZHuw=
19,20,6NCuoTmrHn6K2Qx4//vFewVNNTA=,hmOzLj6//MgHfroiy6ylfPUZHuw=
20,20,6NCuoTmrHn6K2Qx4//vFewVNNTA=,hmOzLj6//MgHfroiy6ylfPUZHuw=
21,20,6NCuoTmrHn6K2Qx4//vFewVNNTA=,hmOzLj6//MgHfroiy6ylfPUZHuw=
23,17,6NCuoTmrHn6K2Qx4//vFewVNNTA=,hmOzLj6//MgHfroiy6ylfPUZHuw=
22,20,6NCuoTmrHn6K2Qx4//vFewVNNTA=,hmOzLj6//MgHfroiy6ylfPUZHuw=
23,20,6NCuoTmrHn6K2Qx4//vFewVNNTA=,hmOzLj6//MgHfroiy6ylfPUZHuw=
24,20,6NCuoTmrHn6K2Qx4//vFewVNNTA=,hmOzLj6//MgHfroiy6ylfPUZHuw=
25,20,6NCuoTmrHn6K2Qx4//vFewVNNTA=,hmOzLj6//MgHfroiy6ylfPUZHuw=
26,20,6NCuoTmrHn6K2Qx4//vFewVNNTA=,hmOzLj6//MgHfroiy6ylfPUZHuw=
22,19,6NCuoTmrHn6K2Qx4//vFewVNNTA=,hmOzLj6//MgHfroiy6ylfPUZHuw=
27,20,6NCuoTmrHn6K2Qx4//vFewVNNTA=,hmOzLj6//MgHfroiy6ylfPUZHuw=
16,16,6NCuoTmrHn6K2Qx4//vFewVNNTA=,hmOzLj6//MgHfroiy6ylfPUZHuw=
29,20,6NCuoTmrHn6K2Qx4//vFewVNNTA=,hmOzLj6//MgHfroiy6ylfPUZHuw=
30,20,6NCuoTmrHn6K2Qx4//vFewVNNTA=,hmOzLj6//MgHfroiy6ylfPUZHuw=
31,20,6NCuoTmrHn6K2Qx4//vFewVNNTA=,hmOzLj6//MgHfroiy6ylfPUZHuw=
30,16,6NCuoTmrHn6K2Qx4//vFewVNNTA=,hmOzLj6//MgHfroiy6ylfPUZHuw=
22,16,6NCuoTmrHn6K2Qx4//vFewVNNTA=,hmOzLj6//MgHfroiy6ylfPUZHuw=
16,21,6NCuoTmrHn6K2Qx4//vFewVNNTA=,hmOzLj6//MgHfroiy6ylfPUZHuw=
17,21,6NCuoTmrHn6K2Qx4//vFewVNNTA=,hmOzLj6//MgHfroiy6ylfPUZHuw=
18,21,6NCuoTmrHn6K2Qx4//vFewVNNTA=,hmOzLj6//MgHfroiy6ylfPUZHuw=
19,21,6NCuoTmrHn6K2Qx4//vFewVNNTA=,hmOzLj6//MgHfroiy6ylfPUZHuw=
20,21,6NCuoTmrHn6K2Qx4//vFewVNNTA=,hmOzLj6//MgHfroiy6ylfPUZHuw=
21,21,6NCuoTmrHn6K2Qx4//vFewVNNTA=,hmOzLj6//MgHfroiy6ylfPUZHuw=
22,21,6NCuoTmrHn6K2Qx4//vFewVNNTA=,hmOzLj6//MgHfroiy6ylfPUZHuw=
24,17,6NCuoTmrHn6K2Qx4//vFewVNNTA=,hmOzLj6//MgHfroiy6ylfPUZHuw=
23,21,6NCuoTmrHn6K2Qx4//vFewVNNTA=,hmOzLj6//MgHfroiy6ylfPUZHuw=
24,21,6NCuoTmrHn6K2Qx4//vFewVNNTA=,hmOzLj6//MgHfroiy6ylfPUZHuw=
25,21,6NCuoTmrHn6K2Qx4//vFewVNNTA=,hmOzLj6//MgHfroiy6ylfPUZHuw=
26,21,6NCuoTmrHn6K2Qx4//vFewVNNTA=,hmOzLj6//MgHfroiy6ylfPUZHuw=
28,20,6NCuoTmrHn6K2Qx4//vFewVNNTA=,hmOzLj6//MgHfroiy6ylfPUZHuw=
28,21,6NCuoTmrHn6K2Qx4//vFewVNNTA=,hmOzLj6//MgHfroiy6ylfPUZHuw=
29,21,6NCuoTmrHn6K2Qx4//vFewVNNTA=,hmOzLj6//MgHfroiy6ylfPUZHuw=
30,21,6NCuoTmrHn6K2Qx4//vFewVNNTA=,hmOzLj6//MgHfroiy6ylfPUZHuw=
27,21,6NCuoTmrHn6K2Qx4//vFewVNNTA=,hmOzLj6//MgHfroiy6ylfPUZHuw=
23,16,6NCuoTmrHn6K2Qx4//vFewVNNTA=,hmOzLj6//MgHfroiy6ylfPUZHuw=
31,21,6NCuoTmrHn6K2Qx4//vFewVNNTA=,hmOzLj6//MgHfroiy6ylfPUZHuw=
16,22,6NCuoTmrHn6K2Qx4//vFewVNNTA=,hmOzLj6//MgHfroiy6ylfPUZHuw=
31,16,6NCuoTmrHn6K2Qx4//vFewVNNTA=,hmOzLj6//MgHfroiy6ylfPUZHuw=
18,22,6NCuoTmrHn6K2Qx4//vFewVNNTA=,hmOzLj6//MgHfroiy6ylfPUZHuw=
19,22,6NCuoTmrHn6K2Qx4//vFewVNNTA=,hmOzLj6//MgHfroiy6ylfPUZHuw=
20,22,6NCuoTmrHn6K2Qx4//vFewVNNTA=,hmOzLj6//MgHfroiy6ylfPUZHuw=
17,22,6NCuoTmrHn6K2Qx4//vFewVNNTA=,hmOzLj6//MgHfroiy6ylfPUZHuw=
19,24,6NCuoTmrHn6K2Qx4//vFewVNNTA=,hmOzLj6//MgHfroiy6ylfPUZHuw=
25,17,6NCuoTmrHn6K2Qx4//vFewVNNTA=,hmOzLj6//MgHfroiy6ylfPUZHuw=
22,22,6NCuoTmrHn6K2Qx4//vFewVNNTA=,hmOzLj6//MgHfroiy6ylfPUZHuw=
24,22,6NCuoTmrHn6K2Qx4//vFewVNNTA=,hmOzLj6//MgHfroiy6ylfPUZHuw=
25,22,6NCuoTmrHn6K2Qx4//vFewVNNTA=,hmOzLj6//MgHfroiy6ylfPUZHuw=
26,22,6NCuoTmrHn6K2Qx4//vFewVNNTA=,hmOzLj6//MgHfroiy6ylfPUZHuw=
23,22,6NCuoTmrHn6K2Qx4//vFewVNNTA=,hmOzLj6//MgHfroiy6ylfPUZHuw=
28,22,6NCuoTmrHn6K2Qx4//vFewVNNTA=,hmOzLj6//MgHfroiy6ylfPUZHuw=
29,22,6NCuoTmrHn6K2Qx4//vFewVNNTA=,hmOzLj6//MgHfroiy6ylfPUZHuw=
16,17,6NCuoTmrHn6K2Qx4//vFewVNNTA=,hmOzLj6//MgHfroiy6ylfPUZHuw=
24,16,6NCuoTmrHn6K2Qx4//vFewVNNTA=,hmOzLj6//MgHfroiy6ylfPUZHuw=
30,22,6NCuoTmrHn6K2Qx4//vFewVNNTA=,hmOzLj6//MgHfroiy6ylfPUZHuw=
31,22,6NCuoTmrHn6K2Qx4//vFewVNNTA=,hmOzLj6//MgHfroiy6ylfPUZHuw=
16,23,6NCuoTmrHn6K2Qx4//vFewVNNTA=,hmOzLj6//MgHfroiy6ylfPUZHuw=
17,23,6NCuoTmrHn6K2Qx4//vFewVNNTA=,hmOzLj6//MgHfroiy6ylfPUZHuw=
18,23,6NCuoTmrHn6K2Qx4//vFewVNNTA=,hmOzLj6//MgHfroiy6ylfPUZHuw=
19,23,6NCuoTmrHn6K2Qx4//vFewVNNTA=,hmOzLj6//MgHfroiy6ylfPUZHuw=
20,23,6NCuoTmrHn6K2Qx4//vFewVNNTA=,hmOzLj6//MgHfroiy6ylfPUZHuw=
21,23,6NCuoTmrHn6K2Qx4//vFewVNNTA=,hmOzLj6//MgHfroiy6ylfPUZHuw=
22,23,6NCuoTmrHn6K2Qx4//vFewVNNTA=,hmOzLj6//MgHfroiy6ylfPUZHuw=
26,17,6NCuoTmrHn6K2Qx4//vFewVNNTA=,hmOzLj6//MgHfroiy6ylfPUZHuw=
27,22,6NCuoTmrHn6K2Qx4//vFewVNNTA=,hmOzLj6//MgHfroiy6ylfPUZHuw=
21,22,6NCuoTmrHn6K2Qx4//vFewVNNTA=,hmOzLj6//MgHfroiy6ylfPUZHuw=
30,2,lIps4mGVf1jCzcgIa7mT3qwrG9w=,5V04WAhKOchuE4WKFuYx2WBgT+g=
31,15,lIps4mGVf1jCzcgIa7mT3qwrG9w=,5V04WAhKOchuE4WKFuYx2WBgT+g=
30,15,lIps4mGVf1jCzcgIa7mT3qwrG9w=,5V04WAhKOchuE4WKFuYx2WBgT+g=
29,15,lIps4mGVf1jCzcgIa7mT3qwrG9w=,5V04WAhKOchuE4WKFuYx2WBgT+g=
28,15,lIps4mGVf1jCzcgIa7mT3qwrG9w=,5V04WAhKOchuE4WKFuYx2WBgT+g=
27,15,lIps4mGVf1jCzcgIa7mT3qwrG9w=,5V04WAhKOchuE4WKFuYx2WBgT+g=
26,15,lIps4mGVf1jCzcgIa7mT3qwrG9w=,5V04WAhKOchuE4WKFuYx2WBgT+g=
25,15,lIps4mGVf1jCzcgIa7mT3qwrG9w=,5V04WAhKOchuE4WKFuYx2WBgT+g=
23,15,lIps4mGVf1jCzcgIa7mT3qwrG9w=,5V04WAhKOchuE4WKFuYx2WBgT+g=
22,15,lIps4mGVf1jCzcgIa7mT3qwrG9w=,5V04WAhKOchuE4WKFuYx2WBgT+g=
21,15,lIps4mGVf1jCzcgIa7mT3qwrG9w=,5V04WAhKOchuE4WKFuYx2WBgT+g=
20,15,lIps4mGVf1jCzcgIa7mT3qwrG9w=,5V04WAhKOchuE4WKFuYx2WBgT+g=
19,0,lIps4mGVf1jCzcgIa7mT3qwrG9w=,5V04WAhKOchuE4WKFuYx2WBgT+g=
18,15,lIps4mGVf1jCzcgIa7mT3qwrG9w=,5V04WAhKOchuE4WKFuYx2WBgT+g=
17,1,lIps4mGVf1jCzcgIa7mT3qwrG9w=,5V04WAhKOchuE4WKFuYx2WBgT+g=
24,15,lIps4mGVf1jCzcgIa7mT3qwrG9w=,5V04WAhKOchuE4WKFuYx2WBgT+g=
31,1,lIps4mGVf1jCzcgIa7mT3qwrG9w=,5V04WAhKOchuE4WKFuYx2WBgT+g=
30,1,lIps4mGVf1jCzcgIa7mT3qwrG9w=,5V04WAhKOchuE4WKFuYx2WBgT+g=
19,15,lIps4mGVf1jCzcgIa7mT3qwrG9w=,5V04WAhKOchuE4WKFuYx2WBgT+g=
28,1,lIps4mGVf1jCzcgIa7mT3qwrG9w=,5V04WAhKOchuE4WKFuYx2WBgT+g=
27,1,lIps4mGVf1jCzcgIa7mT3qwrG9w=,5V04WAhKOchuE4WKFuYx2WBgT+g=
26,1,lIps4mGVf1jCzcgIa7mT3qwrG9w=,5V04WAhKOchuE4WKFuYx2WBgT+g=
17,15,lIps4mGVf1jCzcgIa7mT3qwrG9w=,5V04WAhKOchuE4WKFuYx2WBgT+g=
24,1,lIps4mGVf1jCzcgIa7mT3qwrG9w=,5V04WAhKOchuE4WKFuYx2WBgT+g=
25,1,lIps4mGVf1jCzcgIa7mT3qwrG9w=,5V04WAhKOchuE4WKFuYx2WBgT+g=
23,1,lIps4mGVf1jCzcgIa7mT3qwrG9w=,5V04WAhKOchuE4WKFuYx2WBgT+g=
22,1,lIps4mGVf1jCzcgIa7mT3qwrG9w=,5V04WAhKOchuE4WKFuYx2WBgT+g=
21,1,lIps4mGVf1jCzcgIa7mT3qwrG9w=,5V04WAhKOchuE4WKFuYx2WBgT+g=
20,1,lIps4mGVf1jCzcgIa7mT3qwrG9w=,5V04WAhKOchuE4WKFuYx2WBgT+g=
19,1,lIps4mGVf1jCzcgIa7mT3qwrG9w=,5V04WAhKOchuE4WKFuYx2WBgT+g=
18,1,lIps4mGVf1jCzcgIa7mT3qwrG9w=,5V04WAhKOchuE4WKFuYx2WBgT+g=
31,14,lIps4mGVf1jCzcgIa7mT3qwrG9w=,5V04WAhKOchuE4WKFuYx2WBgT+g=
29,2,lIps4mGVf1jCzcgIa7mT3qwrG9w=,5V04WAhKOchuE4WKFuYx2WBgT+g=
16,15,lIps4mGVf1jCzcgIa7mT3qwrG9w=,5V04WAhKOchuE4WKFuYx2WBgT+g=
18,0,lIps4mGVf1jCzcgIa7mT3qwrG9w=,5V04WAhKOchuE4WKFuYx2WBgT+g=
28,2,lIps4mGVf1jCzcgIa7mT3qwrG9w=,5V04WAhKOchuE4WKFuYx2WBgT+g=
30,14,lIps4mGVf1jCzcgIa7mT3qwrG9w=,5V04WAhKOchuE4WKFuYx2WBgT+g=
28,14,lIps4mGVf1jCzcgIa7mT3qwrG9w=,5V04WAhKOchuE4WKFuYx2WBgT+g=
27,14,lIps4mGVf1jCzcgIa7mT3qwrG9w=,5V04WAhKOchuE4WKFuYx2WBgT+g=
26,14,lIps4mGVf1jCzcgIa7mT3qwrG9w=,5V04WAhKOchuE4WKFuYx2WBgT+g=
25,14,lIps4mGVf1jCzcgIa7mT3qwrG9w=,5V04WAhKOchuE4WKFuYx2WBgT+g=
24,14,lIps4mGVf1jCzcgIa7mT3qwrG9w=,5V04WAhKOchuE4WKFuYx2WBgT+g=
23,14,lIps4mGVf1jCzcgIa7mT3qwrG9w=,5V04WAhKOchuE4WKFuYx2WBgT+g=
22,14,lIps4mGVf1jCzcgIa7mT3qwrG9w=,5V04WAhKOchuE4WKFuYx2WBgT+g=
29,14,lIps4mGVf1jCzcgIa7mT3qwrG9w=,5V04WAhKOchuE4WKFuYx2WBgT+g=
20,14,lIps4mGVf1jCzcgIa7mT3qwrG9w=,5V04WAhKOchuE4WKFuYx2WBgT+g=
21,14,lIps4mGVf1jCzcgIa7mT3qwrG9w=,5V04WAhKOchuE4WKFuYx2WBgT+g=
18,14,lIps4mGVf1jCzcgIa7mT3qwrG9w=,5V04WAhKOchuE4WKFuYx2WBgT+g=
17,14,lIps4mGVf1jCzcgIa7mT3qwrG9w=,5V04WAhKOchuE4WKFuYx2WBgT+g=
31,13,lIps4mGVf1jCzcgIa7mT3qwrG9w=,5V04WAhKOchuE4WKFuYx2WBgT+g=
19,14,lIps4mGVf1jCzcgIa7mT3qwrG9w=,5V04WAhKOchuE4WKFuYx2WBgT+g=
30,13,lIps4mGVf1jCzcgIa7mT3qwrG9w=,5V04WAhKOchuE4WKFuYx2WBgT+g=
29,13,lIps4mGVf1jCzcgIa7mT3qwrG9w=,5V04WAhKOchuE4WKFuYx2WBgT+g=
31,0,lIps4mGVf1jCzcgIa7mT3qwrG9w=,5V04WAhKOchuE4WKFuYx2WBgT+g=
28,13,lIps4mGVf1jCzcgIa7mT3qwrG9w=,5V04WAhKOchuE4WKFuYx2WBgT+g=
16,1,lIps4mGVf1jCzcgIa7mT3qwrG9w=,5V04WAhKOchuE4WKFuYx2WBgT+g=
27,2,lIps4mGVf1jCzcgIa7mT3qwrG9w=,5V04WAhKOchuE4WKFuYx2WBgT+g=
27,13,lIps4mGVf1jCzcgIa7mT3qwrG9w=,5V04WAhKOchuE4WKFuYx2WBgT+g=
26,13,lIps4mGVf1jCzcgIa7mT3qwrG9w=,5V04WAhKOchuE4WKFuYx2WBgT+g=
24,13,lIps4mGVf1jCzcgIa7mT3qwrG9w=,5V04WAhKOchuE4WKFuYx2WBgT+g=
23,13,lIps4mGVf1jCzcgIa7mT3qwrG9w=,5V04WAhKOchuE4WKFuYx2WBgT+g=
22,13,lIps4mGVf1jCzcgIa7mT3qwrG9w=,5V04WAhKOchuE4WKFuYx2WBgT+g=
21,13,lIps4mGVf1jCzcgIa7mT3qwrG9w=,5V04WAhKOchuE4WKFuYx2WBgT+g=
20,13,lIps4mGVf1jCzcgIa7mT3qwrG9w=,5V04WAhKOchuE4WKFuYx2WBgT+g=
19,13,lIps4mGVf1jCzcgIa7mT3qwrG9w=,5V04WAhKOchuE4WKFuYx2WBgT+g=
18,13,lIps4mGVf1jCzcgIa7mT3qwrG9w=,5V04WAhKOchuE4WKFuYx2WBgT+g=
17,13,lIps4mGVf1jCzcgIa7mT3qwrG9w=,5V04WAhKOchuE4WKFuYx2WBgT+g=
16,13,lIps4mGVf1jCzcgIa7mT3qwrG9w=,5V04WAhKOchuE4WKFuYx2WBgT+g=
31,12,lIps4mGVf1jCzcgIa7mT3qwrG9w=,5V04WAhKOchuE4WKFuYx2WBgT+g=
30,12,lIps4mGVf1jCzcgIa7mT3qwrG9w=,5V04WAhKOchuE4WKFuYx2WBgT+g=
29,12,lIps4mGVf1jCzcgIa7mT3qwrG9w=,5V04WAhKOchuE4WKFuYx2WBgT+g=
28,12,lIps4mGVf1jCzcgIa7mT3qwrG9w=,5V04WAhKOchuE4WKFuYx2WBgT+g=
27,12,lIps4mGVf1jCzcgIa7mT3qwrG9w=,5V04WAhKOchuE4WKFuYx2WBgT+g=
30,0,lIps4mGVf1jCzcgIa7mT3qwrG9w=,5V04WAhKOchuE4WKFuYx2WBgT+g=
26,2,lIps4mGVf1jCzcgIa7mT3qwrG9w=,5V04WAhKOchuE4WKFuYx2WBgT+g=
25,13,lIps4mGVf1jCzcgIa7mT3qwrG9w=,5V04WAhKOchuE4WKFuYx2WBgT+g=
25,12,lIps4mGVf1jCzcgIa7mT3qwrG9w=,5V04WAhKOchuE4WKFuYx2WBgT+g=
24,12,lIps4mGVf1jCzcgIa7mT3qwrG9w=,5V04WAhKOchuE4WKFuYx2WBgT+g=
23,12,lIps4mGVf1jCzcgIa7mT3qwrG9w=,5V04WAhKOchuE4WKFuYx2WBgT+g=
22,12,lIps4mGVf1jCzcgIa7mT3qwrG9w=,5V04WAhKOchuE4WKFuYx2WBgT+g=
26,12,lIps4mGVf1jCzcgIa7mT3qwrG9w=,5V04WAhKOchuE4WKFuYx2WBgT+g=
21,12,lIps4mGVf1jCzcgIa7mT3qwrG9w=,5V04WAhKOchuE4WKFuYx2WBgT+g=
20,12,lIps4mGVf1jCzcgIa7mT3qwrG9w=,5V04WAhKOchuE4WKFuYx2WBgT+g=
16,14,lIps4mGVf1jCzcgIa7mT3qwrG9w=,5V04WAhKOchuE4WKFuYx2WBgT+g=
19,12,lIps4mGVf1jCzcgIa7mT3qwrG9w=,5V04WAhKOchuE4WKFuYx2WBgT+g=
18,12,lIps4mGVf1jCzcgIa7mT3qwrG9w=,5V04WAhKOchuE4WKFuYx2WBgT+g=
31,11,lIps4mGVf1jCzcgIa7mT3qwrG9w=,5V04WAhKOchuE4WKFuYx2WBgT+g=
30,11,lIps4mGVf1jCzcgIa7mT3qwrG9w=,5V04WAhKOchuE4WKFuYx2WBgT+g=
17,12,lIps4mGVf1jCzcgIa7mT3qwrG9w=,5V04WAhKOchuE4WKFuYx2WBgT+g=
16,12,lIps4mGVf1jCzcgIa7mT3qwrG9w=,5V04WAhKOchuE4WKFuYx2WBgT+g=
29,11,lIps4mGVf1jCzcgIa7mT3qwrG9w=,5V04WAhKOchuE4WKFuYx2WBgT+g=
28,11,lIps4mGVf1jCzcgIa7mT3qwrG9w=,5V04WAhKOchuE4WKFuYx2WBgT+g=
29,0,lIps4mGVf1jCzcgIa7mT3qwrG9w=,5V04WAhKOchuE4WKFuYx2WBgT+g=
27,11,lIps4mGVf1jCzcgIa7mT3qwrG9w=,5V04WAhKOchuE4WKFuYx2WBgT+g=
26,11,lIps4mGVf1jCzcgIa7mT3qwrG9w=,5V04WAhKOchuE4WKFuYx2WBgT+g=
25,11,lIps4mGVf1jCzcgIa7mT3qwrG9w=,5V04WAhKOchuE4WKFuYx2WBgT+g=
24,11,lIps4mGVf1jCzcgIa7mT3qwrG9w=,5V04WAhKOchuE4WKFuYx2WBgT+g=
23,11,lIps4mGVf1jCzcgIa7mT3qwrG9w=,5V04WAhKOchuE4WKFuYx2WBgT+g=
22,11,lIps4mGVf1jCzcgIa7mT3qwrG9w=,5V04WAhKOchuE4WKFuYx2WBgT+g=
21,11,lIps4mGVf1jCzcgIa7mT3qwrG9w=,5V04WAhKOchuE4WKFuYx2WBgT+g=
20,11,lIps4mGVf1jCzcgIa7mT3qwrG9w=,5V04WAhKOchuE4WKFuYx2WBgT+g=
19,11,lIps4mGVf1jCzcgIa7mT3qwrG9w=,5V04WAhKOchuE4WKFuYx2WBgT+g=
18,11,lIps4mGVf1jCzcgIa7mT3qwrG9w=,5V04WAhKOchuE4WKFuYx2WBgT+g=
17,11,lIps4mGVf1jCzcgIa7mT3qwrG9w=,5V04WAhKOchuE4WKFuYx2WBgT+g=
25,2,lIps4mGVf1jCzcgIa7mT3qwrG9w=,5V04WAhKOchuE4WKFuYx2WBgT+g=
31,10,lIps4mGVf1jCzcgIa7mT3qwrG9w=,5V04WAhKOchuE4WKFuYx2WBgT+g=
16,11,lIps4mGVf1jCzcgIa7mT3qwrG9w=,5V04WAhKOchuE4WKFuYx2WBgT+g=
30,10,lIps4mGVf1jCzcgIa7mT3qwrG9w=,5V04WAhKOchuE4WKFuYx2WBgT+g=
28,10,lIps4mGVf1jCzcgIa7mT3qwrG9w=,5V04WAhKOchuE4WKFuYx2WBgT+g=
29,10,lIps4mGVf1jCzcgIa7mT3qwrG9w=,5V04WAhKOchuE4WKFuYx2WBgT+g=
27,10,lIps4mGVf1jCzcgIa7mT3qwrG9w=,5V04WAhKOchuE4WKFuYx2WBgT+g=
28,0,lIps4mGVf1jCzcgIa7mT3qwrG9w=,5V04WAhKOchuE4WKFuYx2WBgT+g=
26,10,lIps4mGVf1jCzcgIa7mT3qwrG9w=,5V04WAhKOchuE4WKFuYx2WBgT+g=
29,1,lIps4mGVf1jCzcgIa7mT3qwrG9w=,5V04WAhKOchuE4WKFuYx2WBgT+g=
25,10,lIps4mGVf1jCzcgIa7mT3qwrG9w=,5V04WAhKOchuE4WKFuYx2WBgT+g=
24,10,lIps4mGVf1jCzcgIa7mT3qwrG9w=,5V04WAhKOchuE4WKFuYx2WBgT+g=
23,10,lIps4mGVf1jCzcgIa7mT3qwrG9w=,5V04WAhKOchuE4WKFuYx2WBgT+g=
22,10,lIps4mGVf1jCzcgIa7mT3qwrG9w=,5V04WAhKOchuE4WKFuYx2WBgT+g=
21,10,lIps4mGVf1jCzcgIa7mT3qwrG9w=,5V04WAhKOchuE4WKFuYx2WBgT+g=
20,10,lIps4mGVf1jCzcgIa7mT3qwrG9w=,5V04WAhKOchuE4WKFuYx2WBgT+g=
24,2,lIps4mGVf1jCzcgIa7mT3qwrG9w=,5V04WAhKOchuE4WKFuYx2WBgT+g=
19,10,lIps4mGVf1jCzcgIa7mT3qwrG9w=,5V04WAhKOchuE4WKFuYx2WBgT+g=
17,10,lIps4mGVf1jCzcgIa7mT3qwrG9w=,5V04WAhKOchuE4WKFuYx2WBgT+g=
31,9,lIps4mGVf1jCzcgIa7mT3qwrG9w=,5V04WAhKOchuE4WKFuYx2WBgT+g=
30,9,lIps4mGVf1jCzcgIa7mT3qwrG9w=,5V04WAhKOchuE4WKFuYx2WBgT+g=
29,9,lIps4mGVf1jCzcgIa7mT3qwrG9w=,5V04WAhKOchuE4WKFuYx2WBgT+g=
18,10,lIps4mGVf1jCzcgIa7mT3qwrG9w=,5V04WAhKOchuE4WKFuYx2WBgT+g=
28,9,lIps4mGVf1jCzcgIa7mT3qwrG9w=,5V04WAhKOchuE4WKFuYx2WBgT+g=
27,0,lIps4mGVf1jCzcgIa7mT3qwrG9w=,5V04WAhKOchuE4WKFuYx2WBgT+g=
23,2,lIps4mGVf1jCzcgIa7mT3qwrG9w=,5V04WAhKOchuE4WKFuYx2WBgT+g=
27,9,lIps4mGVf1jCzcgIa7mT3qwrG9w=,5V04WAhKOchuE4WKFuYx2WBgT+g=
26,9,lIps4mGVf1jCzcgIa7mT3qwrG9w=,5V04WAhKOchuE4WKFuYx2WBgT+g=
16,10,lIps4mGVf1jCzcgIa7mT3qwrG9w=,5V04WAhKOchuE4WKFuYx2WBgT+g=
25,9,lIps4mGVf1jCzcgIa7mT3qwrG9w=,5V04WAhKOchuE4WKFuYx2WBgT+g=
24,9,lIps4mGVf1jCzcgIa7mT3qwrG9w=,5V04WAhKOchuE4WKFuYx2WBgT+g=
23,9,lIps4mGVf1jCzcgIa7mT3qwrG9w=,5V04WAhKOchuE4WKFuYx2WBgT+g=
22,9,lIps4mGVf1jCzcgIa7mT3qwrG9w=,5V04WAhKOchuE4WKFuYx2WBgT+g=
21,9,lIps4mGVf1jCzcgIa7mT3qwrG9w=,5V04WAhKOchuE4WKFuYx2WBgT+g=
20,9,lIps4mGVf1jCzcgIa7mT3qwrG9w=,5V04WAhKOchuE4WKFuYx2WBgT+g=
18,9,lIps4mGVf1jCzcgIa7mT3qwrG9w=,5V04WAhKOchuE4WKFuYx2WBgT+g=
17,9,lIps4mGVf1jCzcgIa7mT3qwrG9w=,5V04WAhKOchuE4WKFuYx2WBgT+g=
19,9,lIps4mGVf1jCzcgIa7mT3qwrG9w=,5V04WAhKOchuE4WKFuYx2WBgT+g=
31,8,lIps4mGVf1jCzcgIa7mT3qwrG9w=,5V04WAhKOchuE4WKFuYx2WBgT+g=
30,8,lIps4mGVf1jCzcgIa7mT3qwrG9w=,5V04WAhKOchuE4WKFuYx2WBgT+g=
16,9,lIps4mGVf1jCzcgIa7mT3qwrG9w=,5V04WAhKOchuE4WKFuYx2WBgT+g=
29,8,lIps4mGVf1jCzcgIa7mT3qwrG9w=,5V04WAhKOchuE4WKFuYx2WBgT+g=
28,8,lIps4mGVf1jCzcgIa7mT3qwrG9w=,5V04WAhKOchuE4WKFuYx2WBgT+g=
26,0,lIps4mGVf1jCzcgIa7mT3qwrG9w=,5V04WAhKOchuE4WKFuYx2WBgT+g=
27,8,lIps4mGVf1jCzcgIa7mT3qwrG9w=,5V04WAhKOchuE4WKFuYx2WBgT+g=
26,8,lIps4mGVf1jCzcgIa7mT3qwrG9w=,5V04WAhKOchuE4WKFuYx2WBgT+g=
25,8,lIps4mGVf1jCzcgIa7mT3qwrG9w=,5V04WAhKOchuE4WKFuYx2WBgT+g=
24,8,lIps4mGVf1jCzcgIa7mT3qwrG9w=,5V04WAhKOchuE4WKFuYx2WBgT+g=
17,0,lIps4mGVf1jCzcgIa7mT3qwrG9w=,5V04WAhKOchuE4WKFuYx2WBgT+g=
22,2,lIps4mGVf1jCzcgIa7mT3qwrG9w=,5V04WAhKOchuE4WKFuYx2WBgT+g=
23,8,lIps4mGVf1jCzcgIa7mT3qwrG9w=,5V04WAhKOchuE4WKFuYx2WBgT+g=
22,8,lIps4mGVf1jCzcgIa7mT3qwrG9w=,5V04WAhKOchuE4WKFuYx2WBgT+g=
21,8,lIps4mGVf1jCzcgIa7mT3qwrG9w=,5V04WAhKOchuE4WKFuYx2WBgT+g=
20,8,lIps4mGVf1jCzcgIa7mT3qwrG9w=,5V04WAhKOchuE4WKFuYx2WBgT+g=
17,8,lIps4mGVf1jCzcgIa7mT3qwrG9w=,5V04WAhKOchuE4WKFuYx2WBgT+g=
18,8,lIps4mGVf1jCzcgIa7mT3qwrG9w=,5V04WAhKOchuE4WKFuYx2WBgT+g=
31,7,lIps4mGVf1jCzcgIa7mT3qwrG9w=,5V04WAhKOchuE4WKFuYx2WBgT+g=
30,7,lIps4mGVf1jCzcgIa7mT3qwrG9w=,5V04WAhKOchuE4WKFuYx2WBgT+g=
19,8,lIps4mGVf1jCzcgIa7mT3qwrG9w=,5V04WAhKOchuE4WKFuYx2WBgT+g=
29,7,lIps4mGVf1jCzcgIa7mT3qwrG9w=,5V04WAhKOchuE4WKFuYx2WBgT+g=
16,8,lIps4mGVf1jCzcgIa7mT3qwrG9w=,5V04WAhKOchuE4WKFuYx2WBgT+g=
28,7,lIps4mGVf1jCzcgIa7mT3qwrG9w=,5V04WAhKOchuE4WKFuYx2WBgT+g=
27,7,lIps4mGVf1jCzcgIa7mT3qwrG9w=,5V04WAhKOchuE4WKFuYx2WBgT+g=
26,7,lIps4mGVf1jCzcgIa7mT3qwrG9w=,5V04WAhKOchuE4WKFuYx2WBgT+g=
21,2,lIps4mGVf1jCzcgIa7mT3qwrG9w=,5V04WAhKOchuE4WKFuYx2WBgT+g=
25,7,lIps4mGVf1jCzcgIa7mT3qwrG9w=,5V04WAhKOchuE4WKFuYx2WBgT+g=
23,7,lIps4mGVf1jCzcgIa7mT3qwrG9w=,5V04WAhKOchuE4WKFuYx2WBgT+g=
22,7,lIps4mGVf1jCzcgIa7mT3qwrG9w=,5V04WAhKOchuE4WKFuYx2WBgT+g=
21,7,lIps4mGVf1jCzcgIa7mT3qwrG9w=,5V04WAhKOchuE4WKFuYx2WBgT+g=
20,7,lIps4mGVf1jCzcgIa7mT3qwrG9w=,5V04WAhKOchuE4WKFuYx2WBgT+g=
18,7,lIps4mGVf1jCzcgIa7mT3qwrG9w=,5V04WAhKOchuE4WKFuYx2WBgT+g=
17,7,lIps4mGVf1jCzcgIa7mT3qwrG9w=,5V04WAhKOchuE4WKFuYx2WBgT+g=
19,7,lIps4mGVf1jCzcgIa7mT3qwrG9w=,5V04WAhKOchuE4WKFuYx2WBgT+g=
31,6,lIps4mGVf1jCzcgIa7mT3qwrG9w=,5V04WAhKOchuE4WKFuYx2WBgT+g=
30,6,lIps4mGVf1jCzcgIa7mT3qwrG9w=,5V04WAhKOchuE4WKFuYx2WBgT+g=
29,6,lIps4mGVf1jCzcgIa7mT3qwrG9w=,5V04WAhKOchuE4WKFuYx2WBgT+g=
16,7,lIps4mGVf1jCzcgIa7mT3qwrG9w=,5V04WAhKOchuE4WKFuYx2WBgT+g=
28,6,lIps4mGVf1jCzcgIa7mT3qwrG9w=,5V04WAhKOchuE4WKFuYx2WBgT+g=
27,6,lIps4mGVf1jCzcgIa7mT3qwrG9w=,5V04WAhKOchuE4WKFuYx2WBgT+g=
26,6,lIps4mGVf1jCzcgIa7mT3qwrG9w=,5V04WAhKOchuE4WKFuYx2WBgT+g=
25,6,lIps4mGVf1jCzcgIa7mT3qwrG9w=,5V04WAhKOchuE4WKFuYx2WBgT+g=
24,6,lIps4mGVf1jCzcgIa7mT3qwrG9w=,5V04WAhKOchuE4WKFuYx2WBgT+g=
25,0,lIps4mGVf1jCzcgIa7mT3qwrG9w=,5V04WAhKOchuE4WKFuYx2WBgT+g=
22,6,lIps4mGVf1jCzcgIa7mT3qwrG9w=,5V04WAhKOchuE4WKFuYx2WBgT+g=
23,6,lIps4mGVf1jCzcgIa7mT3qwrG9w=,5V04WAhKOchuE4WKFuYx2WBgT+g=
20,2,lIps4mGVf1jCzcgIa7mT3qwrG9w=,5V04WAhKOchuE4WKFuYx2WBgT+g=
21,6,lIps4mGVf1jCzcgIa7mT3qwrG9w=,5V04WAhKOchuE4WKFuYx2WBgT+g=
20,6,lIps4mGVf1jCzcgIa7mT3qwrG9w=,5V04WAhKOchuE4WKFuYx2WBgT+g=
19,6,lIps4mGVf1jCzcgIa7mT3qwrG9w=,5V04WAhKOchuE4WKFuYx2WBgT+g=
17,6,lIps4mGVf1jCzcgIa7mT3qwrG9w=,5V04WAhKOchuE4WKFuYx2WBgT+g=
31,5,lIps4mGVf1jCzcgIa7mT3qwrG9w=,5V04WAhKOchuE4WKFuYx2WBgT+g=
18,6,lIps4mGVf1jCzcgIa7mT3qwrG9w=,5V04WAhKOchuE4WKFuYx2WBgT+g=
23,0,lIps4mGVf1jCzcgIa7mT3qwrG9w=,5V04WAhKOchuE4WKFuYx2WBgT+g=
24,0,lIps4mGVf1jCzcgIa7mT3qwrG9w=,5V04WAhKOchuE4WKFuYx2WBgT+g=
30,5,lIps4mGVf1jCzcgIa7mT3qwrG9w=,5V04WAhKOchuE4WKFuYx2WBgT+g=
29,5,lIps4mGVf1jCzcgIa7mT3qwrG9w=,5V04WAhKOchuE4WKFuYx2WBgT+g=
28,5,lIps4mGVf1jCzcgIa7mT3qwrG9w=,5V04WAhKOchuE4WKFuYx2WBgT+g=
27,5,lIps4mGVf1jCzcgIa7mT3qwrG9w=,5V04WAhKOchuE4WKFuYx2WBgT+g=
26,5,lIps4mGVf1jCzcgIa7mT3qwrG9w=,5V04WAhKOchuE4WKFuYx2WBgT+g=
16,6,lIps4mGVf1jCzcgIa7mT3qwrG9w=,5V04WAhKOchuE4WKFuYx2WBgT+g=
25,5,lIps4mGVf1jCzcgIa7mT3qwrG9w=,5V04WAhKOchuE4WKFuYx2WBgT+g=
24,5,lIps4mGVf1jCzcgIa7mT3qwrG9w=,5V04WAhKOchuE4WKFuYx2WBgT+g=
23,5,lIps4mGVf1jCzcgIa7mT3qwrG9w=,5V04WAhKOchuE4WKFuYx2WBgT+g=
16,0,lIps4mGVf1jCzcgIa7mT3qwrG9w=,5V04WAhKOchuE4WKFuYx2WBgT+g=
22,0,lIps4mGVf1jCzcgIa7mT3qwrG9w=,5V04WAhKOchuE4WKFuYx2WBgT+g=
22,5,lIps4mGVf1jCzcgIa7mT3qwrG9w=,5V04WAhKOchuE4WKFuYx2WBgT+g=
21,5,lIps4mGVf1jCzcgIa7mT3qwrG9w=,5V04WAhKOchuE4WKFuYx2WBgT+g=
20,5,lIps4mGVf1jCzcgIa7mT3qwrG9w=,5V04WAhKOchuE4WKFuYx2WBgT+g=
19,2,lIps4mGVf1jCzcgIa7mT3qwrG9w=,5V04WAhKOchuE4WKFuYx2WBgT+g=
19,5,lIps4mGVf1jCzcgIa7mT3qwrG9w=,5V04WAhKOchuE4WKFuYx2WBgT+g=
18,5,lIps4mGVf1jCzcgIa7mT3qwrG9w=,5V04WAhKOchuE4WKFuYx2WBgT+g=
17,5,lIps4mGVf1jCzcgIa7mT3qwrG9w=,5V04WAhKOchuE4WKFuYx2WBgT+g=
31,4,lIps4mGVf1jCzcgIa7mT3qwrG9w=,5V04WAhKOchuE4WKFuYx2WBgT+g=
30,4,lIps4mGVf1jCzcgIa7mT3qwrG9w=,5V04WAhKOchuE4WKFuYx2WBgT+g=
16,5,lIps4mGVf1jCzcgIa7mT3qwrG9w=,5V04WAhKOchuE4WKFuYx2WBgT+g=
29,4,lIps4mGVf1jCzcgIa7mT3qwrG9w=,5V04WAhKOchuE4WKFuYx2WBgT+g=
28,4,lIps4mGVf1jCzcgIa7mT3qwrG9w=,5V04WAhKOchuE4WKFuYx2WBgT+g=
27,4,lIps4mGVf1jCzcgIa7mT3qwrG9w=,5V04WAhKOchuE4WKFuYx2WBgT+g=
26,4,lIps4mGVf1jCzcgIa7mT3qwrG9w=,5V04WAhKOchuE4WKFuYx2WBgT+g=
25,4,lIps4mGVf1jCzcgIa7mT3qwrG9w=,5V04WAhKOchuE4WKFuYx2WBgT+g=
18,2,lIps4mGVf1jCzcgIa7mT3qwrG9w=,5V04WAhKOchuE4WKFuYx2WBgT+g=
24,4,lIps4mGVf1jCzcgIa7mT3qwrG9w=,5V04WAhKOchuE4WKFuYx2WBgT+g=
23,4,lIps4mGVf1jCzcgIa7mT3qwrG9w=,5V04WAhKOchuE4WKFuYx2WBgT+g=
22,4,lIps4mGVf1jCzcgIa7mT3qwrG9w=,5V04WAhKOchuE4WKFuYx2WBgT+g=
21,0,lIps4mGVf1jCzcgIa7mT3qwrG9w=,5V04WAhKOchuE4WKFuYx2WBgT+g=
21,4,lIps4mGVf1jCzcgIa7mT3qwrG9w=,5V04WAhKOchuE4WKFuYx2WBgT+g=
20,4,lIps4mGVf1jCzcgIa7mT3qwrG9w=,5V04WAhKOchuE4WKFuYx2WBgT+g=
17,2,lIps4mGVf1jCzcgIa7mT3qwrG9w=,5V04WAhKOchuE4WKFuYx2WBgT+g=
18,4,lIps4mGVf1jCzcgIa7mT3qwrG9w=,5V04WAhKOchuE4WKFuYx2WBgT+g=
17,4,lIps4mGVf1jCzcgIa7mT3qwrG9w=,5V04WAhKOchuE4WKFuYx2WBgT+g=
16,4,lIps4mGVf1jCzcgIa7mT3qwrG9w=,5V04WAhKOchuE4WKFuYx2WBgT+g=
31,3,lIps4mGVf1jCzcgIa7mT3qwrG9w=,5V04WAhKOchuE4WKFuYx2WBgT+g=
30,3,lIps4mGVf1jCzcgIa7mT3qwrG9w=,5V04WAhKOchuE4WKFuYx2WBgT+g=
29,3,lIps4mGVf1jCzcgIa7mT3qwrG9w=,5V04WAhKOchuE4WKFuYx2WBgT+g=
28,3,lIps4mGVf1jCzcgIa7mT3qwrG9w=,5V04WAhKOchuE4WKFuYx2WBgT+g=
24,7,lIps4mGVf1jCzcgIa7mT3qwrG9w=,5V04WAhKOchuE4WKFuYx2WBgT+g=
27,3,lIps4mGVf1jCzcgIa7mT3qwrG9w=,5V04WAhKOchuE4WKFuYx2WBgT+g=
24,3,lIps4mGVf1jCzcgIa7mT3qwrG9w=,5V04WAhKOchuE4WKFuYx2WBgT+g=
22,3,lIps4mGVf1jCzcgIa7mT3qwrG9w=,5V04WAhKOchuE4WKFuYx2WBgT+g=
21,3,lIps4mGVf1jCzcgIa7mT3qwrG9w=,5V04WAhKOchuE4WKFuYx2WBgT+g=
20,3,lIps4mGVf1jCzcgIa7mT3qwrG9w=,5V04WAhKOchuE4WKFuYx2WBgT+g=
25,3,lIps4mGVf1jCzcgIa7mT3qwrG9w=,5V04WAhKOchuE4WKFuYx2WBgT+g=
20,0,lIps4mGVf1jCzcgIa7mT3qwrG9w=,5V04WAhKOchuE4WKFuYx2WBgT+g=
19,3,lIps4mGVf1jCzcgIa7mT3qwrG9w=,5V04WAhKOchuE4WKFuYx2WBgT+g=
18,3,lIps4mGVf1jCzcgIa7mT3qwrG9w=,5V04WAhKOchuE4WKFuYx2WBgT+g=
26,3,lIps4mGVf1jCzcgIa7mT3qwrG9w=,5V04WAhKOchuE4WKFuYx2WBgT+g=
16,3,lIps4mGVf1jCzcgIa7mT3qwrG9w=,5V04WAhKOchuE4WKFuYx2WBgT+g=
17,3,lIps4mGVf1jCzcgIa7mT3qwrG9w=,5V04WAhKOchuE4WKFuYx2WBgT+g=
16,2,lIps4mGVf1jCzcgIa7mT3qwrG9w=,5V04WAhKOchuE4WKFuYx2WBgT+g=
31,2,lIps4mGVf1jCzcgIa7mT3qwrG9w=,5V04WAhKOchuE4WKFuYx2WBgT+g=
19,4,lIps4mGVf1jCzcgIa7mT3qwrG9w=,5V04WAhKOchuE4WKFuYx2WBgT+g=
23,3,lIps4mGVf1jCzcgIa7mT3qwrG9w=,5V04WAhKOchuE4WKFuYx2WBgT+g=
