-4,5,rzESEq7J83cq7ltRNe8zQwgwPgY=,/the8OEX046vtCobI0gzkkksxzQ=
-4,0,rzESEq7J83cq7ltRNe8zQwgwPgY=,/r3moaCzAN6kIOmN7v7HsN9lYOs=
-3,1,rzESEq7J83cq7ltRNe8zQwgwPgY=,qaEVL3vDyfIKX5iEH3BACB4Sm8g=
-3,0,rzESEq7J83cq7ltRNe8zQwgwPgY=,6H29MGYo75C1f9SJHX6foT1d9kg=
-3,2,rzESEq7J83cq7ltRNe8zQwgwPgY=,/r3moaCzAN6kIOmN7v7HsN9lYOs=
-2,4,rzESEq7J83cq7ltRNe8zQwgwPgY=,/the8OEX046vtCobI0gzkkksxzQ=
-2,5,rzESEq7J83cq7ltRNe8zQwgwPgY=,/the8OEX046vtCobI0gzkkksxzQ=
-2,2,rzESEq7J83cq7ltRNe8zQwgwPgY=,7CzGqaoRLpDrMDRYaUPSS8dCysY=
-2,3,rzESEq7J83cq7ltRNe8zQwgwPgY=,ZALRh+k+8paHT/hwzcFk+V9FQYM=
-2,0,rzESEq7J83cq7ltRNe8zQwgwPgY=,UFxhQbbyUHnQ2/eXg3nPuA1BK+o=
-2,1,rzESEq7J83cq7ltRNe8zQwgwPgY=,JcXRhhiYdREA18Ali3s9vPeVDAY=
-1,7,rzESEq7J83cq7ltRNe8zQwgwPgY=,/the8OEX046vtCobI0gzkkksxzQ=
-1,6,rzESEq7J83cq7ltRNe8zQwgwPgY=,/the8OEX046vtCobI0gzkkksxzQ=
-1,5,rzESEq7J83cq7ltRNe8zQwgwPgY=,/the8OEX046vtCobI0gzkkksxzQ=
-1,4,rzESEq7J83cq7ltRNe8zQwgwPgY=,KAPRzQhR8mj60IZUGD4OWSoz7Q4=
-1,3,rzESEq7J83cq7ltRNe8zQwgwPgY=,/the8OEX046vtCobI0gzkkksxzQ=
-1,2,M+xE+QV+UbnXJBRaIx1ZRxR84S4=,/the8OEX046vtCobI0gzkkksxzQ=
-1,1,M+xE+QV+UbnXJBRaIx1ZRxR84S4=,/the8OEX046vtCobI0gzkkksxzQ=
-1,0,M+xE+QV+UbnXJBRaIx1ZRxR84S4=,Mjm/JBaTT2D0S4Iu7IcQy+3zgTs=
